"","Released","Age","Gender","Employed","Records","Priority"
"3","Yes",24,"M","Yes",3,"Common"
"4","No",46,"M","Yes",1,"Common"
"9","Yes",23,"M","Yes",4,"Common"
"10","Yes",30,"M","Yes",3,"Common"
"12","Yes",18,"M","Yes",3,"Common"
"13","Yes",17,"M","Yes",1,"Common"
"16","Yes",25,"M","No",3,"Common"
"17","No",45,"M","No",4,"Common"
"19","Yes",32,"F","No",3,"Common"
"22","Yes",15,"M","No",2,"High Attendition"
"23","Yes",16,"M","Yes",0,"Common"
"24","No",27,"F","No",3,"Common"
"25","Yes",49,"M","Yes",0,"Common"
"26","Yes",21,"M","No",3,"Considerable Attention"
"27","Yes",29,"M","Yes",3,"Common"
"28","Yes",28,"M","Yes",0,"Common"
"29","Yes",19,"M","No",0,"Common"
"31","Yes",19,"F","Yes",0,"Common"
"32","Yes",30,"M","Yes",3,"Common"
"33","No",15,"M","No",2,"High Attendition"
"36","Yes",22,"M","Yes",0,"Common"
"38","Yes",24,"M","Yes",1,"Common"
"39","No",21,"M","No",4,"Considerable Attention"
"41","Yes",27,"M","No",2,"Common"
"42","Yes",18,"M","Yes",1,"Common"
"44","Yes",17,"M","Yes",0,"Common"
"45","Yes",22,"M","Yes",0,"Common"
"47","Yes",20,"M","Yes",0,"Common"
"50","No",26,"M","Yes",4,"Common"
"51","Yes",20,"M","Yes",3,"Considerable Attention"
"52","Yes",21,"M","Yes",3,"Considerable Attention"
"54","Yes",17,"F","Yes",0,"Common"
"55","Yes",19,"M","Yes",3,"Considerable Attention"
"56","Yes",18,"M","Yes",0,"Common"
"57","Yes",42,"M","Yes",3,"Common"
"58","Yes",19,"M","No",3,"Considerable Attention"
"60","Yes",17,"M","Yes",1,"Common"
"63","Yes",19,"M","Yes",4,"Considerable Attention"
"65","Yes",30,"M","No",3,"Common"
"69","No",19,"M","Yes",4,"Considerable Attention"
"72","Yes",16,"F","Yes",1,"Common"
"73","Yes",17,"M","Yes",1,"Common"
"75","No",18,"M","No",3,"Common"
"76","Yes",16,"F","Yes",0,"Common"
"77","No",22,"M","No",5,"Common"
"85","Yes",29,"M","No",2,"Common"
"87","Yes",22,"M","Yes",3,"Common"
"88","Yes",33,"M","Yes",2,"Common"
"89","Yes",22,"M","Yes",0,"Common"
"90","Yes",22,"M","Yes",4,"Common"
"91","Yes",44,"M","Yes",2,"Common"
"94","Yes",15,"M","Yes",0,"Common"
"97","Yes",48,"M","Yes",3,"Common"
"98","Yes",15,"M","Yes",0,"Common"
"99","No",20,"M","Yes",0,"Common"
"103","No",25,"M","Yes",2,"Common"
"104","Yes",21,"M","Yes",0,"Common"
"105","Yes",22,"M","Yes",0,"Common"
"106","Yes",27,"M","Yes",0,"Common"
"108","Yes",17,"M","Yes",2,"High Attendition"
"109","Yes",18,"M","Yes",3,"Common"
"111","No",20,"M","No",4,"Considerable Attention"
"114","Yes",30,"M","Yes",1,"Common"
"115","Yes",36,"F","No",3,"Common"
"118","Yes",19,"M","Yes",0,"Common"
"119","Yes",40,"M","Yes",3,"Common"
"120","Yes",23,"M","Yes",0,"Common"
"121","Yes",19,"M","Yes",3,"Considerable Attention"
"124","Yes",25,"M","Yes",0,"Common"
"126","Yes",17,"F","Yes",0,"Common"
"130","Yes",20,"M","Yes",1,"Common"
"132","No",22,"M","Yes",3,"Common"
"133","Yes",38,"F","No",3,"Common"
"135","Yes",18,"F","Yes",0,"Common"
"137","No",21,"M","Yes",4,"Considerable Attention"
"139","Yes",20,"M","Yes",1,"Common"
"142","Yes",18,"M","Yes",2,"Common"
"143","Yes",35,"M","Yes",2,"Common"
"145","Yes",20,"M","Yes",1,"Common"
"147","Yes",24,"F","Yes",0,"Common"
"150","No",19,"M","Yes",3,"Considerable Attention"
"151","Yes",15,"M","Yes",2,"High Attendition"
"152","Yes",26,"M","Yes",0,"Common"
"159","Yes",18,"M","Yes",0,"Common"
"162","Yes",18,"F","Yes",0,"Common"
"165","Yes",19,"M","Yes",2,"Common"
"170","Yes",31,"M","Yes",3,"Common"
"173","No",37,"M","Yes",0,"Common"
"175","Yes",34,"M","Yes",2,"Common"
"180","Yes",22,"M","Yes",1,"Common"
"182","Yes",17,"M","Yes",5,"High Attendition"
"185","Yes",31,"M","Yes",0,"Common"
"187","Yes",16,"M","Yes",0,"Common"
"188","Yes",21,"M","Yes",1,"Common"
"189","Yes",22,"M","Yes",1,"Common"
"194","No",15,"M","Yes",5,"High Attendition"
"195","Yes",20,"M","No",3,"Considerable Attention"
"196","Yes",16,"M","Yes",0,"Common"
"200","Yes",17,"M","Yes",1,"Common"
"202","Yes",22,"M","Yes",3,"Common"
"204","Yes",21,"M","Yes",0,"Common"
"208","Yes",19,"M","Yes",0,"Common"
"209","Yes",17,"M","No",1,"Common"
"210","Yes",18,"M","Yes",0,"Common"
"218","Yes",24,"M","Yes",0,"Common"
"219","Yes",35,"M","Yes",3,"Common"
"220","Yes",24,"F","Yes",2,"Common"
"222","Yes",25,"M","Yes",0,"Common"
"224","Yes",19,"M","No",5,"Considerable Attention"
"225","Yes",21,"M","No",1,"Common"
"228","Yes",15,"M","Yes",0,"Common"
"232","Yes",19,"M","Yes",2,"Common"
"234","Yes",17,"M","Yes",0,"Common"
"235","Yes",27,"M","Yes",3,"Common"
"239","Yes",22,"M","No",2,"Common"
"241","Yes",36,"M","Yes",1,"Common"
"243","Yes",18,"M","Yes",2,"Common"
"245","Yes",16,"F","Yes",0,"Common"
"246","Yes",26,"M","Yes",1,"Common"
"247","No",17,"M","No",4,"High Attendition"
"249","Yes",17,"M","Yes",3,"High Attendition"
"250","Yes",37,"M","Yes",0,"Common"
"252","No",42,"M","Yes",3,"Common"
"253","Yes",18,"M","Yes",2,"Common"
"254","Yes",15,"F","Yes",0,"Common"
"257","Yes",19,"M","Yes",3,"Considerable Attention"
"258","Yes",23,"M","Yes",0,"Common"
"259","Yes",20,"M","Yes",2,"Common"
"260","Yes",16,"M","Yes",0,"Common"
"261","Yes",38,"M","Yes",2,"Common"
"262","Yes",44,"M","Yes",3,"Common"
"265","Yes",15,"M","Yes",0,"Common"
"267","Yes",19,"M","Yes",1,"Common"
"268","Yes",28,"M","Yes",3,"Common"
"269","Yes",22,"M","Yes",1,"Common"
"274","Yes",22,"M","Yes",0,"Common"
"277","No",23,"M","Yes",0,"Common"
"278","Yes",31,"F","Yes",0,"Common"
"286","Yes",29,"M","Yes",2,"Common"
"287","Yes",17,"M","Yes",1,"Common"
"288","Yes",19,"M","Yes",0,"Common"
"289","Yes",19,"M","Yes",3,"Considerable Attention"
"290","Yes",18,"M","No",3,"Common"
"292","No",19,"M","Yes",4,"Considerable Attention"
"293","Yes",17,"F","Yes",2,"High Attendition"
"294","Yes",34,"M","Yes",0,"Common"
"295","Yes",19,"M","Yes",0,"Common"
"297","Yes",26,"M","Yes",0,"Common"
"299","Yes",24,"M","Yes",3,"Common"
"300","Yes",25,"M","Yes",0,"Common"
"301","Yes",21,"M","Yes",2,"Common"
"303","Yes",19,"M","Yes",0,"Common"
"305","Yes",18,"M","Yes",4,"Common"
"307","Yes",19,"M","Yes",0,"Common"
"308","Yes",19,"M","Yes",3,"Considerable Attention"
"314","Yes",18,"M","Yes",2,"Common"
"315","Yes",20,"M","Yes",2,"Common"
"317","Yes",20,"M","Yes",0,"Common"
"318","No",45,"M","Yes",4,"Common"
"320","Yes",21,"M","Yes",0,"Common"
"323","Yes",16,"M","Yes",0,"Common"
"327","Yes",20,"M","Yes",1,"Common"
"328","Yes",19,"M","Yes",4,"Considerable Attention"
"331","No",40,"M","No",3,"Common"
"333","Yes",16,"M","Yes",1,"Common"
"334","Yes",30,"M","Yes",2,"Common"
"335","Yes",41,"F","No",2,"Common"
"339","No",24,"M","Yes",1,"Common"
"342","No",23,"M","No",2,"Common"
"344","Yes",35,"M","Yes",2,"Common"
"348","Yes",19,"F","No",1,"Common"
"349","Yes",19,"M","Yes",1,"Common"
"351","Yes",21,"M","Yes",0,"Common"
"354","Yes",22,"M","No",0,"Common"
"356","Yes",18,"M","Yes",0,"Common"
"357","Yes",33,"M","Yes",1,"Common"
"358","Yes",22,"M","Yes",0,"Common"
"359","Yes",19,"M","Yes",4,"Considerable Attention"
"361","Yes",19,"M","Yes",1,"Common"
"364","Yes",21,"M","No",1,"Common"
"365","Yes",19,"M","Yes",0,"Common"
"366","Yes",34,"M","Yes",1,"Common"
"369","Yes",49,"M","Yes",3,"Common"
"370","Yes",26,"M","No",3,"Common"
"371","Yes",43,"M","Yes",0,"Common"
"374","Yes",18,"M","Yes",0,"Common"
"377","Yes",16,"M","Yes",1,"Common"
"378","Yes",31,"M","No",3,"Common"
"379","Yes",25,"M","Yes",1,"Common"
"380","No",20,"M","Yes",3,"Considerable Attention"
"381","No",41,"M","No",3,"Common"
"382","Yes",15,"M","Yes",0,"Common"
"383","Yes",22,"M","Yes",0,"Common"
"384","Yes",16,"M","Yes",1,"Common"
"385","Yes",25,"M","Yes",0,"Common"
"386","Yes",33,"M","No",5,"Common"
"387","No",27,"M","No",4,"Common"
"389","No",21,"M","No",4,"Considerable Attention"
"391","No",30,"M","No",1,"Common"
"393","No",53,"M","Yes",4,"Common"
"396","Yes",22,"M","Yes",2,"Common"
"397","Yes",17,"F","Yes",1,"Common"
"401","Yes",20,"M","Yes",0,"Common"
"405","Yes",20,"M","Yes",2,"Common"
"406","Yes",15,"M","Yes",1,"Common"
"407","Yes",15,"M","Yes",0,"Common"
"410","Yes",41,"M","Yes",2,"Common"
"415","No",38,"M","Yes",4,"Common"
"418","Yes",19,"M","Yes",2,"Common"
"421","Yes",20,"F","Yes",0,"Common"
"423","Yes",34,"M","Yes",1,"Common"
"424","Yes",15,"M","Yes",0,"Common"
"426","Yes",37,"M","Yes",0,"Common"
"428","Yes",31,"M","Yes",0,"Common"
"430","Yes",53,"M","Yes",1,"Common"
"435","Yes",19,"F","Yes",0,"Common"
"437","Yes",20,"M","Yes",0,"Common"
"439","Yes",19,"M","Yes",3,"Considerable Attention"
"441","Yes",23,"M","Yes",1,"Common"
"443","Yes",23,"M","Yes",3,"Common"
"444","Yes",19,"M","Yes",0,"Common"
"447","Yes",32,"M","Yes",0,"Common"
"449","No",43,"M","Yes",1,"Common"
"450","Yes",15,"M","Yes",0,"Common"
"451","Yes",17,"M","Yes",4,"High Attendition"
"452","No",18,"M","Yes",2,"Common"
"454","Yes",30,"M","Yes",0,"Common"
"456","No",26,"M","No",3,"Common"
"459","Yes",17,"M","Yes",2,"High Attendition"
"461","Yes",20,"M","Yes",0,"Common"
"463","Yes",16,"M","Yes",0,"Common"
"467","No",54,"M","Yes",0,"Common"
"470","Yes",17,"M","Yes",0,"Common"
"472","Yes",19,"M","Yes",0,"Common"
"476","Yes",14,"M","Yes",0,"Common"
"478","Yes",19,"M","No",1,"Common"
"480","No",21,"M","Yes",2,"Common"
"481","Yes",36,"M","Yes",2,"Common"
"489","Yes",16,"M","Yes",0,"Common"
"492","Yes",28,"M","Yes",0,"Common"
"493","Yes",25,"M","Yes",0,"Common"
"497","No",28,"M","Yes",4,"Common"
"500","Yes",32,"M","Yes",2,"Common"
"505","Yes",18,"F","Yes",0,"Common"
"509","Yes",18,"M","Yes",0,"Common"
"510","No",15,"F","Yes",4,"High Attendition"
"512","Yes",23,"M","No",3,"Common"
"515","Yes",39,"M","No",3,"Common"
"516","Yes",31,"M","Yes",0,"Common"
"520","No",24,"M","No",3,"Common"
"521","Yes",39,"M","Yes",3,"Common"
"522","No",19,"M","No",3,"Considerable Attention"
"523","Yes",34,"M","No",1,"Common"
"525","No",48,"M","Yes",4,"Common"
"526","Yes",26,"M","No",3,"Common"
"527","Yes",39,"M","Yes",0,"Common"
"528","No",16,"M","Yes",3,"High Attendition"
"530","Yes",25,"M","Yes",3,"Common"
"531","Yes",15,"M","Yes",1,"Common"
"532","Yes",17,"M","Yes",1,"Common"
"533","Yes",21,"M","Yes",1,"Common"
"534","Yes",20,"M","Yes",2,"Common"
"536","No",18,"M","Yes",0,"Common"
"539","Yes",18,"M","Yes",1,"Common"
"543","Yes",31,"M","Yes",4,"Common"
"544","Yes",28,"M","Yes",1,"Common"
"546","Yes",17,"M","Yes",1,"Common"
"548","Yes",15,"F","Yes",0,"Common"
"549","Yes",23,"M","Yes",1,"Common"
"550","Yes",16,"M","Yes",3,"High Attendition"
"551","No",43,"M","Yes",3,"Common"
"552","Yes",16,"F","Yes",0,"Common"
"554","Yes",27,"M","Yes",4,"Common"
"555","Yes",17,"M","Yes",0,"Common"
"556","Yes",16,"M","Yes",0,"Common"
"557","Yes",33,"M","Yes",0,"Common"
"558","Yes",39,"M","No",0,"Common"
"559","No",27,"M","Yes",3,"Common"
"561","Yes",30,"M","Yes",4,"Common"
"564","Yes",16,"M","Yes",0,"Common"
"566","Yes",25,"M","No",1,"Common"
"567","Yes",18,"M","Yes",4,"Common"
"568","Yes",13,"M","No",4,"High Attendition"
"569","Yes",32,"F","No",3,"Common"
"570","No",45,"M","Yes",3,"Common"
"571","Yes",20,"M","Yes",3,"Considerable Attention"
"576","Yes",20,"M","Yes",1,"Common"
"578","Yes",21,"M","Yes",4,"Considerable Attention"
"581","Yes",18,"M","Yes",0,"Common"
"582","Yes",45,"M","Yes",0,"Common"
"583","No",16,"M","Yes",0,"Common"
"584","Yes",21,"M","No",3,"Considerable Attention"
"586","Yes",26,"M","Yes",0,"Common"
"589","Yes",18,"M","Yes",0,"Common"
"595","Yes",23,"M","No",1,"Common"
"596","Yes",20,"M","Yes",3,"Considerable Attention"
"597","Yes",18,"M","Yes",3,"Common"
"599","Yes",28,"M","Yes",0,"Common"
"600","No",31,"M","Yes",0,"Common"
"601","Yes",20,"M","Yes",1,"Common"
"604","Yes",20,"M","Yes",0,"Common"
"605","Yes",18,"M","Yes",0,"Common"
"609","Yes",33,"M","Yes",0,"Common"
"611","Yes",16,"F","No",0,"Common"
"612","Yes",24,"M","Yes",1,"Common"
"613","Yes",41,"M","Yes",3,"Common"
"615","Yes",22,"M","No",0,"Common"
"618","Yes",15,"M","Yes",1,"Common"
"619","No",35,"M","No",4,"Common"
"620","Yes",19,"M","Yes",0,"Common"
"623","Yes",20,"M","Yes",0,"Common"
"624","Yes",21,"M","Yes",0,"Common"
"625","Yes",22,"M","Yes",4,"Common"
"629","Yes",17,"M","Yes",1,"Common"
"630","No",19,"M","No",5,"Considerable Attention"
"632","Yes",21,"M","Yes",1,"Common"
"633","Yes",26,"M","Yes",1,"Common"
"636","No",17,"M","No",4,"High Attendition"
"639","Yes",18,"M","No",4,"Common"
"642","Yes",26,"F","Yes",0,"Common"
"643","Yes",35,"M","Yes",0,"Common"
"646","Yes",16,"M","Yes",0,"Common"
"649","Yes",20,"M","No",3,"Considerable Attention"
"650","Yes",24,"M","Yes",0,"Common"
"656","Yes",17,"M","Yes",0,"Common"
"657","Yes",15,"M","Yes",0,"Common"
"658","Yes",17,"M","Yes",0,"Common"
"660","Yes",35,"M","Yes",1,"Common"
"661","Yes",26,"M","No",3,"Common"
"662","No",27,"M","Yes",3,"Common"
"664","No",17,"M","Yes",0,"Common"
"665","Yes",42,"M","Yes",3,"Common"
"667","Yes",40,"M","Yes",1,"Common"
"669","No",20,"F","Yes",5,"Considerable Attention"
"670","Yes",19,"F","Yes",0,"Common"
"671","Yes",30,"M","No",1,"Common"
"675","Yes",14,"M","Yes",0,"Common"
"678","Yes",24,"M","Yes",0,"Common"
"680","Yes",17,"M","Yes",2,"High Attendition"
"681","Yes",27,"M","Yes",0,"Common"
"684","Yes",36,"M","Yes",1,"Common"
"685","Yes",17,"M","No",4,"High Attendition"
"686","No",37,"M","Yes",1,"Common"
"687","Yes",32,"M","Yes",0,"Common"
"688","Yes",15,"M","Yes",2,"High Attendition"
"692","Yes",23,"M","Yes",0,"Common"
"696","No",16,"M","Yes",3,"High Attendition"
"698","Yes",16,"M","No",4,"High Attendition"
"699","No",19,"M","No",4,"Considerable Attention"
"700","No",19,"M","No",4,"Considerable Attention"
"701","No",24,"M","Yes",5,"Common"
"703","No",22,"F","No",0,"Common"
"704","No",22,"F","No",0,"Common"
"706","Yes",19,"M","Yes",0,"Common"
"707","Yes",16,"M","Yes",2,"High Attendition"
"708","Yes",18,"M","No",1,"Common"
"710","No",20,"M","No",4,"Considerable Attention"
"714","Yes",18,"F","Yes",2,"Common"
"715","No",22,"M","Yes",4,"Common"
"716","Yes",28,"M","Yes",3,"Common"
"718","No",34,"M","No",0,"Common"
"719","Yes",21,"M","No",2,"Common"
"722","Yes",18,"M","Yes",1,"Common"
"726","No",18,"F","Yes",0,"Common"
"727","Yes",18,"M","No",3,"Common"
"730","Yes",19,"M","Yes",0,"Common"
"731","Yes",34,"M","Yes",1,"Common"
"732","Yes",22,"M","No",3,"Common"
"734","Yes",23,"M","Yes",2,"Common"
"735","Yes",21,"F","Yes",0,"Common"
"736","Yes",20,"M","Yes",0,"Common"
"739","Yes",18,"M","Yes",1,"Common"
"743","Yes",20,"M","Yes",4,"Considerable Attention"
"744","Yes",54,"M","Yes",3,"Common"
"747","Yes",33,"F","No",4,"Common"
"750","Yes",28,"M","Yes",1,"Common"
"753","No",15,"M","Yes",3,"High Attendition"
"755","Yes",38,"M","Yes",4,"Common"
"758","Yes",16,"M","Yes",2,"High Attendition"
"760","Yes",14,"M","Yes",1,"Common"
"766","Yes",18,"M","Yes",2,"Common"
"767","Yes",19,"F","Yes",0,"Common"
"769","Yes",18,"M","Yes",3,"Common"
"770","Yes",19,"M","Yes",0,"Common"
"771","Yes",18,"M","No",0,"Common"
"773","Yes",29,"M","No",0,"Common"
"782","Yes",37,"M","Yes",3,"Common"
"785","Yes",26,"M","Yes",1,"Common"
"787","Yes",23,"M","Yes",0,"Common"
"791","Yes",31,"M","Yes",0,"Common"
"792","No",20,"M","Yes",3,"Considerable Attention"
"793","Yes",30,"M","Yes",2,"Common"
"794","Yes",16,"M","Yes",3,"High Attendition"
"796","Yes",41,"M","Yes",2,"Common"
"799","Yes",18,"M","Yes",1,"Common"
"800","Yes",20,"M","Yes",0,"Common"
"801","No",21,"F","No",4,"Considerable Attention"
"802","Yes",23,"M","Yes",1,"Common"
"803","No",21,"M","Yes",3,"Considerable Attention"
"806","Yes",19,"M","Yes",1,"Common"
"809","Yes",17,"M","Yes",3,"High Attendition"
"811","Yes",21,"F","Yes",0,"Common"
"812","Yes",19,"M","Yes",1,"Common"
"815","Yes",29,"M","Yes",2,"Common"
"817","Yes",18,"M","Yes",2,"Common"
"818","No",16,"M","Yes",0,"Common"
"819","Yes",16,"M","Yes",0,"Common"
"820","Yes",17,"M","Yes",3,"High Attendition"
"823","Yes",22,"M","No",2,"Common"
"824","Yes",23,"M","Yes",3,"Common"
"826","Yes",17,"M","Yes",0,"Common"
"828","Yes",26,"M","Yes",0,"Common"
"833","Yes",19,"M","Yes",0,"Common"
"836","Yes",20,"M","Yes",1,"Common"
"838","Yes",35,"M","Yes",2,"Common"
"839","No",26,"M","Yes",1,"Common"
"842","No",16,"M","Yes",1,"Common"
"849","Yes",20,"F","Yes",0,"Common"
"851","Yes",19,"M","Yes",1,"Common"
"854","Yes",16,"M","Yes",0,"Common"
"855","Yes",24,"M","Yes",3,"Common"
"859","No",19,"M","No",4,"Considerable Attention"
"863","No",27,"M","Yes",3,"Common"
"864","Yes",21,"M","Yes",0,"Common"
"865","Yes",17,"M","Yes",0,"Common"
"867","Yes",31,"M","No",1,"Common"
"869","Yes",15,"M","Yes",1,"Common"
"870","Yes",18,"M","Yes",3,"Common"
"871","Yes",22,"M","Yes",1,"Common"
"872","Yes",16,"M","Yes",0,"Common"
"873","Yes",19,"M","No",4,"Considerable Attention"
"876","Yes",19,"M","Yes",0,"Common"
"877","Yes",18,"M","Yes",2,"Common"
"880","Yes",19,"M","No",2,"Common"
"882","Yes",20,"M","Yes",2,"Common"
"884","Yes",26,"M","No",2,"Common"
"886","Yes",15,"M","Yes",0,"Common"
"890","Yes",18,"M","No",3,"Common"
"891","Yes",20,"M","Yes",4,"Considerable Attention"
"892","Yes",20,"M","Yes",3,"Considerable Attention"
"893","Yes",24,"M","Yes",0,"Common"
"897","Yes",17,"M","No",0,"Common"
"898","Yes",19,"M","Yes",2,"Common"
"905","No",15,"M","Yes",3,"High Attendition"
"906","Yes",25,"M","Yes",1,"Common"
"908","Yes",20,"M","No",0,"Common"
"909","No",29,"M","No",4,"Common"
"912","Yes",30,"M","No",2,"Common"
"913","Yes",23,"M","Yes",2,"Common"
"914","Yes",51,"M","No",4,"Common"
"915","No",35,"M","Yes",4,"Common"
"917","Yes",18,"M","Yes",4,"Common"
"919","Yes",22,"M","Yes",3,"Common"
"920","Yes",23,"M","Yes",1,"Common"
"921","Yes",17,"M","Yes",0,"Common"
"922","Yes",38,"M","Yes",3,"Common"
"923","Yes",27,"M","Yes",2,"Common"
"928","Yes",18,"M","Yes",1,"Common"
"929","Yes",33,"M","Yes",3,"Common"
"931","Yes",33,"M","No",4,"Common"
"932","No",19,"M","Yes",4,"Considerable Attention"
"937","Yes",22,"M","Yes",3,"Common"
"938","No",17,"M","Yes",4,"High Attendition"
"941","Yes",39,"M","No",2,"Common"
"942","Yes",14,"M","Yes",1,"Common"
"944","Yes",24,"M","Yes",1,"Common"
"946","Yes",18,"M","Yes",1,"Common"
"949","Yes",49,"F","Yes",0,"Common"
"950","Yes",26,"M","Yes",0,"Common"
"951","Yes",18,"M","Yes",1,"Common"
"954","No",28,"F","Yes",3,"Common"
"956","Yes",18,"M","Yes",1,"Common"
"957","Yes",19,"M","No",2,"Common"
"961","No",18,"M","Yes",3,"Common"
"963","Yes",51,"M","No",3,"Common"
"964","No",27,"M","Yes",0,"Common"
"969","No",19,"F","No",2,"Common"
"972","Yes",17,"M","Yes",0,"Common"
"973","Yes",24,"M","Yes",0,"Common"
"976","Yes",40,"F","No",3,"Common"
"979","Yes",39,"M","Yes",1,"Common"
"982","Yes",30,"M","Yes",0,"Common"
"983","Yes",17,"M","Yes",0,"Common"
"984","Yes",16,"M","Yes",3,"High Attendition"
"985","Yes",20,"M","Yes",1,"Common"
"987","No",22,"F","Yes",0,"Common"
"989","Yes",38,"M","No",1,"Common"
"991","Yes",22,"M","Yes",2,"Common"
"992","Yes",18,"M","Yes",0,"Common"
"996","Yes",18,"M","Yes",0,"Common"
"997","Yes",24,"M","Yes",3,"Common"
"1000","Yes",45,"M","Yes",3,"Common"
"1008","Yes",15,"M","Yes",2,"High Attendition"
"1009","No",18,"M","Yes",0,"Common"
"1010","No",19,"M","Yes",0,"Common"
"1011","Yes",20,"M","No",0,"Common"
"1012","Yes",22,"M","No",3,"Common"
"1013","Yes",20,"F","Yes",0,"Common"
"1015","Yes",28,"M","Yes",2,"Common"
"1016","Yes",34,"M","Yes",0,"Common"
"1017","Yes",16,"M","Yes",4,"High Attendition"
"1018","Yes",20,"M","Yes",0,"Common"
"1020","No",22,"M","No",4,"Common"
"1022","Yes",19,"M","Yes",3,"Considerable Attention"
"1023","Yes",18,"M","Yes",3,"Common"
"1025","Yes",16,"M","Yes",1,"Common"
"1026","Yes",26,"M","Yes",0,"Common"
"1027","Yes",18,"M","Yes",2,"Common"
"1029","Yes",18,"M","No",1,"Common"
"1031","Yes",23,"M","Yes",2,"Common"
"1033","Yes",17,"M","Yes",0,"Common"
"1034","Yes",40,"M","Yes",3,"Common"
"1035","Yes",17,"M","Yes",0,"Common"
"1036","Yes",16,"F","Yes",0,"Common"
"1038","Yes",19,"M","Yes",1,"Common"
"1040","Yes",16,"F","Yes",5,"High Attendition"
"1042","Yes",24,"M","Yes",3,"Common"
"1044","Yes",20,"M","No",4,"Considerable Attention"
"1048","Yes",21,"M","No",2,"Common"
"1049","Yes",18,"M","Yes",0,"Common"
"1052","No",21,"M","Yes",4,"Considerable Attention"
"1053","Yes",21,"M","Yes",3,"Considerable Attention"
"1054","Yes",59,"M","Yes",3,"Common"
"1057","Yes",20,"M","Yes",0,"Common"
"1059","Yes",23,"M","Yes",1,"Common"
"1062","Yes",18,"M","Yes",4,"Common"
"1063","Yes",44,"M","Yes",1,"Common"
"1064","Yes",18,"M","Yes",1,"Common"
"1065","Yes",34,"M","No",3,"Common"
"1068","No",16,"M","Yes",3,"High Attendition"
"1072","Yes",18,"M","Yes",0,"Common"
"1073","Yes",19,"M","No",1,"Common"
"1074","Yes",23,"M","Yes",3,"Common"
"1078","Yes",20,"M","No",2,"Common"
"1079","Yes",22,"M","Yes",0,"Common"
"1081","Yes",21,"M","No",3,"Considerable Attention"
"1090","No",17,"M","Yes",5,"High Attendition"
"1091","Yes",39,"M","Yes",4,"Common"
"1092","Yes",26,"M","Yes",3,"Common"
"1093","No",34,"M","Yes",0,"Common"
"1094","Yes",38,"M","No",3,"Common"
"1095","Yes",34,"M","No",4,"Common"
"1097","Yes",20,"M","Yes",2,"Common"
"1098","Yes",25,"M","Yes",1,"Common"
"1099","Yes",17,"M","Yes",2,"High Attendition"
"1100","Yes",14,"M","Yes",1,"Common"
"1102","Yes",23,"M","Yes",0,"Common"
"1103","Yes",53,"F","Yes",0,"Common"
"1105","Yes",17,"M","Yes",0,"Common"
"1106","Yes",34,"M","Yes",2,"Common"
"1107","No",41,"M","Yes",3,"Common"
"1109","Yes",18,"M","Yes",4,"Common"
"1112","No",36,"M","Yes",3,"Common"
"1113","Yes",23,"M","Yes",0,"Common"
"1115","Yes",18,"F","Yes",1,"Common"
"1116","Yes",38,"M","No",4,"Common"
"1117","Yes",41,"M","No",3,"Common"
"1126","Yes",17,"M","Yes",0,"Common"
"1127","Yes",15,"M","Yes",0,"Common"
"1128","Yes",25,"M","Yes",0,"Common"
"1133","Yes",36,"M","Yes",1,"Common"
"1134","No",20,"M","No",4,"Considerable Attention"
"1136","Yes",54,"M","Yes",0,"Common"
"1137","Yes",17,"M","Yes",4,"High Attendition"
"1138","Yes",21,"M","Yes",0,"Common"
"1141","No",38,"M","Yes",3,"Common"
"1142","Yes",25,"M","Yes",0,"Common"
"1146","Yes",24,"M","No",4,"Common"
"1147","Yes",20,"M","Yes",0,"Common"
"1148","Yes",22,"M","No",4,"Common"
"1150","No",19,"M","Yes",1,"Common"
"1151","Yes",18,"M","Yes",1,"Common"
"1152","Yes",18,"M","Yes",0,"Common"
"1154","Yes",31,"M","Yes",4,"Common"
"1155","Yes",14,"M","Yes",3,"High Attendition"
"1157","Yes",22,"M","No",0,"Common"
"1160","No",17,"M","No",0,"Common"
"1161","Yes",14,"M","Yes",1,"Common"
"1163","Yes",15,"M","Yes",1,"Common"
"1164","Yes",43,"F","No",4,"Common"
"1165","Yes",21,"M","Yes",2,"Common"
"1166","Yes",18,"M","Yes",0,"Common"
"1167","Yes",28,"M","Yes",0,"Common"
"1168","Yes",14,"M","Yes",1,"Common"
"1173","Yes",28,"M","Yes",2,"Common"
"1176","Yes",42,"M","No",4,"Common"
"1177","Yes",17,"M","Yes",0,"Common"
"1178","No",17,"M","No",3,"High Attendition"
"1179","Yes",24,"M","Yes",1,"Common"
"1181","No",20,"M","Yes",0,"Common"
"1182","Yes",45,"M","Yes",1,"Common"
"1185","No",19,"M","Yes",5,"Considerable Attention"
"1191","Yes",15,"M","Yes",1,"Common"
"1192","Yes",36,"M","Yes",3,"Common"
"1196","Yes",23,"M","Yes",0,"Common"
"1197","Yes",26,"F","Yes",0,"Common"
"1198","Yes",17,"M","Yes",3,"High Attendition"
"1199","Yes",20,"M","Yes",1,"Common"
"1200","Yes",18,"M","Yes",3,"Common"
"1203","Yes",17,"M","Yes",4,"High Attendition"
"1205","No",15,"M","Yes",0,"Common"
"1206","No",15,"M","No",1,"Common"
"1208","No",50,"M","Yes",3,"Common"
"1210","Yes",22,"M","Yes",0,"Common"
"1212","Yes",18,"M","No",5,"Common"
"1213","Yes",24,"M","Yes",0,"Common"
"1214","Yes",34,"M","Yes",3,"Common"
"1215","Yes",21,"M","No",4,"Considerable Attention"
"1217","Yes",16,"M","Yes",4,"High Attendition"
"1219","No",21,"M","Yes",4,"Considerable Attention"
"1223","Yes",22,"M","Yes",2,"Common"
"1224","Yes",21,"F","No",4,"Considerable Attention"
"1226","No",21,"M","Yes",3,"Considerable Attention"
"1228","Yes",18,"F","Yes",0,"Common"
"1229","Yes",20,"M","Yes",3,"Considerable Attention"
"1231","Yes",45,"M","Yes",3,"Common"
"1232","Yes",31,"M","Yes",3,"Common"
"1233","Yes",27,"F","Yes",0,"Common"
"1235","Yes",24,"M","Yes",0,"Common"
"1236","Yes",18,"M","Yes",0,"Common"
"1237","No",36,"M","No",3,"Common"
"1240","Yes",18,"M","Yes",1,"Common"
"1241","Yes",17,"M","No",0,"Common"
"1242","Yes",18,"M","No",2,"Common"
"1244","Yes",38,"M","No",2,"Common"
"1246","Yes",17,"M","Yes",0,"Common"
"1248","No",18,"M","Yes",3,"Common"
"1249","Yes",17,"M","Yes",2,"High Attendition"
"1255","No",27,"M","Yes",1,"Common"
"1257","Yes",18,"M","Yes",0,"Common"
"1258","Yes",19,"M","Yes",0,"Common"
"1259","Yes",32,"F","No",0,"Common"
"1261","Yes",22,"F","Yes",0,"Common"
"1262","Yes",48,"M","Yes",1,"Common"
"1264","Yes",18,"M","Yes",2,"Common"
"1265","No",17,"M","Yes",3,"High Attendition"
"1266","Yes",19,"M","Yes",0,"Common"
"1268","No",40,"M","No",3,"Common"
"1269","Yes",22,"M","Yes",1,"Common"
"1270","Yes",19,"M","Yes",1,"Common"
"1271","Yes",24,"M","Yes",4,"Common"
"1272","Yes",18,"M","Yes",3,"Common"
"1274","Yes",15,"M","Yes",0,"Common"
"1277","Yes",19,"M","Yes",3,"Considerable Attention"
"1279","Yes",17,"M","Yes",3,"High Attendition"
"1280","Yes",23,"M","Yes",0,"Common"
"1281","Yes",43,"M","Yes",3,"Common"
"1282","Yes",21,"M","No",0,"Common"
"1286","No",15,"M","Yes",1,"Common"
"1288","Yes",33,"M","Yes",3,"Common"
"1289","Yes",19,"M","Yes",0,"Common"
"1290","Yes",17,"M","Yes",2,"High Attendition"
"1291","Yes",18,"M","Yes",2,"Common"
"1293","Yes",15,"M","Yes",0,"Common"
"1304","Yes",19,"M","Yes",0,"Common"
"1308","Yes",20,"M","Yes",1,"Common"
"1309","Yes",21,"M","Yes",2,"Common"
"1311","Yes",32,"M","No",4,"Common"
"1312","Yes",20,"M","Yes",1,"Common"
"1313","Yes",30,"M","Yes",0,"Common"
"1316","Yes",24,"M","Yes",0,"Common"
"1318","Yes",18,"M","Yes",1,"Common"
"1322","Yes",23,"M","Yes",0,"Common"
"1327","Yes",16,"M","Yes",1,"Common"
"1329","No",26,"M","Yes",3,"Common"
"1330","Yes",26,"M","Yes",0,"Common"
"1331","Yes",18,"M","Yes",2,"Common"
"1338","Yes",25,"F","No",1,"Common"
"1346","No",14,"M","Yes",0,"Common"
"1347","No",21,"M","Yes",4,"Considerable Attention"
"1348","Yes",18,"M","Yes",0,"Common"
"1351","Yes",19,"M","No",3,"Considerable Attention"
"1352","Yes",20,"M","Yes",2,"Common"
"1356","Yes",20,"M","Yes",0,"Common"
"1357","Yes",20,"M","Yes",3,"Considerable Attention"
"1359","Yes",36,"M","Yes",1,"Common"
"1360","Yes",17,"M","Yes",1,"Common"
"1361","Yes",17,"M","Yes",0,"Common"
"1362","Yes",15,"M","Yes",0,"Common"
"1365","No",15,"M","No",3,"High Attendition"
"1371","Yes",19,"M","Yes",0,"Common"
"1372","Yes",46,"M","Yes",2,"Common"
"1373","Yes",20,"F","Yes",1,"Common"
"1374","Yes",17,"M","Yes",0,"Common"
"1376","Yes",18,"M","Yes",2,"Common"
"1377","Yes",16,"M","Yes",0,"Common"
"1381","Yes",16,"M","Yes",4,"High Attendition"
"1382","Yes",27,"M","Yes",3,"Common"
"1386","Yes",28,"M","No",1,"Common"
"1388","Yes",18,"M","Yes",1,"Common"
"1390","Yes",23,"M","Yes",0,"Common"
"1393","Yes",20,"M","Yes",1,"Common"
"1396","Yes",39,"M","Yes",1,"Common"
"1397","Yes",17,"M","Yes",0,"Common"
"1398","Yes",31,"M","Yes",0,"Common"
"1399","Yes",18,"M","Yes",0,"Common"
"1401","Yes",24,"M","No",1,"Common"
"1402","Yes",18,"M","Yes",1,"Common"
"1404","No",19,"M","Yes",3,"Considerable Attention"
"1405","No",42,"M","No",3,"Common"
"1406","Yes",36,"M","No",3,"Common"
"1410","Yes",24,"M","Yes",1,"Common"
"1412","Yes",36,"M","No",3,"Common"
"1413","Yes",21,"M","No",4,"Considerable Attention"
"1416","Yes",24,"M","Yes",3,"Common"
"1419","No",23,"M","Yes",2,"Common"
"1420","Yes",33,"F","Yes",3,"Common"
"1421","Yes",18,"M","Yes",1,"Common"
"1423","Yes",21,"F","Yes",2,"Common"
"1424","Yes",17,"M","Yes",3,"High Attendition"
"1425","Yes",20,"M","Yes",0,"Common"
"1426","Yes",33,"M","Yes",0,"Common"
"1427","Yes",24,"M","Yes",0,"Common"
"1428","Yes",18,"M","Yes",0,"Common"
"1431","Yes",24,"F","Yes",2,"Common"
"1432","Yes",17,"M","Yes",3,"High Attendition"
"1433","Yes",21,"M","No",0,"Common"
"1434","Yes",23,"M","Yes",0,"Common"
"1440","Yes",19,"F","Yes",0,"Common"
"1441","Yes",21,"M","Yes",3,"Considerable Attention"
"1442","Yes",33,"M","Yes",0,"Common"
"1444","Yes",16,"F","Yes",0,"Common"
"1446","Yes",19,"F","Yes",0,"Common"
"1447","Yes",17,"M","Yes",0,"Common"
"1449","No",21,"M","No",5,"Considerable Attention"
"1453","No",45,"M","Yes",2,"Common"
"1454","Yes",20,"M","No",0,"Common"
"1456","No",16,"F","No",3,"High Attendition"
"1460","No",31,"M","No",3,"Common"
"1465","Yes",22,"M","No",3,"Common"
"1467","Yes",24,"M","Yes",0,"Common"
"1468","Yes",23,"M","Yes",0,"Common"
"1470","Yes",21,"M","No",1,"Common"
"1471","Yes",28,"M","No",0,"Common"
"1472","Yes",44,"M","No",2,"Common"
"1475","Yes",19,"M","Yes",3,"Considerable Attention"
"1476","Yes",19,"M","No",0,"Common"
"1477","Yes",20,"M","Yes",3,"Considerable Attention"
"1478","Yes",25,"M","Yes",1,"Common"
"1479","Yes",34,"M","Yes",4,"Common"
"1481","Yes",22,"M","Yes",2,"Common"
"1482","Yes",25,"M","Yes",2,"Common"
"1483","Yes",34,"M","No",3,"Common"
"1484","Yes",20,"M","Yes",4,"Considerable Attention"
"1486","Yes",17,"M","No",0,"Common"
"1487","No",19,"M","Yes",3,"Considerable Attention"
"1489","No",17,"M","Yes",3,"High Attendition"
"1492","Yes",33,"M","Yes",1,"Common"
"1497","Yes",21,"M","Yes",0,"Common"
"1498","Yes",26,"M","Yes",1,"Common"
"1499","Yes",24,"M","Yes",0,"Common"
"1501","Yes",20,"M","Yes",0,"Common"
"1502","Yes",35,"M","Yes",5,"Common"
"1503","No",22,"M","Yes",3,"Common"
"1505","Yes",19,"M","Yes",0,"Common"
"1509","Yes",18,"M","Yes",5,"Common"
"1511","Yes",18,"M","Yes",1,"Common"
"1514","Yes",21,"M","Yes",0,"Common"
"1515","Yes",15,"M","No",0,"Common"
"1516","Yes",17,"F","Yes",0,"Common"
"1517","Yes",29,"F","No",0,"Common"
"1519","Yes",22,"M","Yes",1,"Common"
"1520","No",18,"M","No",2,"Common"
"1522","Yes",23,"M","Yes",2,"Common"
"1525","No",24,"M","No",3,"Common"
"1527","No",15,"M","Yes",5,"High Attendition"
"1530","Yes",14,"M","Yes",0,"Common"
"1533","Yes",30,"F","Yes",0,"Common"
"1540","Yes",30,"M","Yes",4,"Common"
"1541","Yes",37,"M","Yes",1,"Common"
"1542","Yes",18,"M","No",2,"Common"
"1543","No",34,"M","Yes",5,"Common"
"1545","No",18,"M","Yes",3,"Common"
"1546","Yes",17,"M","Yes",0,"Common"
"1547","Yes",26,"M","Yes",0,"Common"
"1548","Yes",16,"F","Yes",3,"High Attendition"
"1549","Yes",13,"M","Yes",1,"Common"
"1550","Yes",17,"F","Yes",1,"Common"
"1552","Yes",17,"M","Yes",3,"High Attendition"
"1553","Yes",17,"M","Yes",1,"Common"
"1554","Yes",16,"M","Yes",1,"Common"
"1556","Yes",20,"M","Yes",0,"Common"
"1557","Yes",33,"M","Yes",3,"Common"
"1558","Yes",17,"M","Yes",2,"High Attendition"
"1560","Yes",26,"M","No",0,"Common"
"1561","Yes",19,"M","Yes",2,"Common"
"1562","Yes",27,"M","Yes",3,"Common"
"1563","Yes",33,"M","No",3,"Common"
"1564","No",18,"M","No",2,"Common"
"1565","Yes",24,"M","No",1,"Common"
"1567","Yes",14,"M","Yes",0,"Common"
"1570","No",31,"M","Yes",4,"Common"
"1571","Yes",27,"M","Yes",3,"Common"
"1572","Yes",21,"M","Yes",0,"Common"
"1573","Yes",21,"M","Yes",1,"Common"
"1578","Yes",18,"M","Yes",1,"Common"
"1579","Yes",20,"M","Yes",1,"Common"
"1582","Yes",16,"F","Yes",0,"Common"
"1583","Yes",15,"M","Yes",1,"Common"
"1584","Yes",27,"M","No",4,"Common"
"1585","Yes",40,"M","No",3,"Common"
"1592","Yes",19,"M","Yes",2,"Common"
"1595","Yes",23,"M","Yes",3,"Common"
"1596","Yes",16,"M","Yes",0,"Common"
"1597","No",16,"M","No",2,"High Attendition"
"1598","Yes",16,"M","Yes",2,"High Attendition"
"1600","Yes",22,"M","Yes",0,"Common"
"1602","Yes",32,"M","No",2,"Common"
"1605","Yes",30,"M","No",2,"Common"
"1607","Yes",23,"M","Yes",0,"Common"
"1608","No",38,"M","Yes",3,"Common"
"1609","No",13,"M","Yes",2,"High Attendition"
"1610","Yes",40,"M","Yes",2,"Common"
"1611","Yes",21,"M","Yes",1,"Common"
"1613","Yes",21,"F","Yes",0,"Common"
"1623","Yes",20,"M","Yes",4,"Considerable Attention"
"1626","Yes",25,"M","No",1,"Common"
"1627","Yes",18,"M","Yes",0,"Common"
"1631","Yes",17,"M","Yes",0,"Common"
"1632","Yes",44,"F","No",1,"Common"
"1635","Yes",19,"M","No",3,"Considerable Attention"
"1638","Yes",20,"M","Yes",1,"Common"
"1640","Yes",18,"M","Yes",0,"Common"
"1641","Yes",29,"M","Yes",1,"Common"
"1643","No",16,"M","Yes",0,"Common"
"1646","Yes",31,"M","Yes",2,"Common"
"1647","No",24,"M","No",4,"Common"
"1648","Yes",20,"M","Yes",0,"Common"
"1649","No",16,"M","No",1,"Common"
"1650","No",18,"M","No",5,"Common"
"1651","Yes",17,"M","Yes",0,"Common"
"1654","Yes",19,"F","No",4,"Considerable Attention"
"1655","No",21,"M","Yes",4,"Considerable Attention"
"1656","Yes",22,"M","Yes",0,"Common"
"1658","No",19,"M","Yes",4,"Considerable Attention"
"1661","Yes",39,"M","No",3,"Common"
"1666","No",30,"M","Yes",0,"Common"
"1667","Yes",20,"M","Yes",0,"Common"
"1669","Yes",19,"M","Yes",2,"Common"
"1670","Yes",17,"M","Yes",2,"High Attendition"
"1673","Yes",40,"M","Yes",4,"Common"
"1674","Yes",19,"M","No",4,"Considerable Attention"
"1675","Yes",21,"M","Yes",0,"Common"
"1679","No",29,"M","No",5,"Common"
"1683","Yes",14,"M","Yes",0,"Common"
"1684","Yes",23,"M","Yes",0,"Common"
"1687","Yes",17,"M","Yes",3,"High Attendition"
"1688","Yes",15,"M","Yes",0,"Common"
"1689","Yes",21,"M","No",4,"Considerable Attention"
"1693","Yes",20,"M","Yes",0,"Common"
"1694","Yes",36,"M","Yes",3,"Common"
"1695","No",37,"M","Yes",3,"Common"
"1697","Yes",28,"M","Yes",0,"Common"
"1698","Yes",38,"M","Yes",1,"Common"
"1702","Yes",19,"M","Yes",1,"Common"
"1705","No",15,"M","Yes",3,"High Attendition"
"1708","Yes",24,"M","Yes",4,"Common"
"1709","Yes",27,"F","No",2,"Common"
"1715","No",33,"M","Yes",3,"Common"
"1718","Yes",17,"M","Yes",1,"Common"
"1719","Yes",16,"M","Yes",0,"Common"
"1720","Yes",26,"M","Yes",1,"Common"
"1721","Yes",17,"M","Yes",1,"Common"
"1722","Yes",22,"M","Yes",2,"Common"
"1727","Yes",21,"M","Yes",4,"Considerable Attention"
"1728","No",34,"M","Yes",3,"Common"
"1729","Yes",22,"M","Yes",0,"Common"
"1731","Yes",18,"M","Yes",0,"Common"
"1732","Yes",18,"M","Yes",2,"Common"
"1733","Yes",18,"M","Yes",4,"Common"
"1736","Yes",32,"M","Yes",3,"Common"
"1737","Yes",26,"M","Yes",0,"Common"
"1742","No",33,"M","No",5,"Common"
"1743","Yes",18,"M","Yes",5,"Common"
"1744","No",45,"M","Yes",3,"Common"
"1748","Yes",37,"M","Yes",2,"Common"
"1749","Yes",18,"M","No",5,"Common"
"1751","Yes",22,"M","Yes",3,"Common"
"1752","Yes",30,"F","Yes",1,"Common"
"1754","Yes",17,"M","Yes",3,"High Attendition"
"1755","Yes",18,"M","No",1,"Common"
"1756","Yes",23,"M","No",5,"Common"
"1758","Yes",20,"M","Yes",2,"Common"
"1759","Yes",25,"M","Yes",0,"Common"
"1760","Yes",19,"M","Yes",2,"Common"
"1762","Yes",18,"M","Yes",0,"Common"
"1765","Yes",17,"M","Yes",0,"Common"
"1767","Yes",23,"M","No",2,"Common"
"1769","Yes",19,"M","No",2,"Common"
"1773","Yes",17,"M","Yes",0,"Common"
"1775","Yes",16,"M","Yes",0,"Common"
"1776","No",18,"M","Yes",0,"Common"
"1777","Yes",20,"M","No",1,"Common"
"1779","Yes",18,"M","No",3,"Common"
"1782","Yes",20,"M","Yes",2,"Common"
"1784","Yes",30,"M","Yes",0,"Common"
"1785","No",21,"M","Yes",2,"Common"
"1786","Yes",29,"F","No",0,"Common"
"1787","Yes",41,"M","No",3,"Common"
"1790","Yes",16,"M","Yes",4,"High Attendition"
"1794","Yes",31,"F","Yes",0,"Common"
"1796","Yes",22,"F","Yes",0,"Common"
"1797","Yes",30,"M","Yes",3,"Common"
"1798","Yes",19,"M","Yes",1,"Common"
"1800","Yes",26,"M","No",1,"Common"
"1801","Yes",34,"M","No",3,"Common"
"1802","Yes",24,"M","No",2,"Common"
"1809","Yes",19,"M","Yes",0,"Common"
"1811","Yes",33,"F","Yes",0,"Common"
"1812","Yes",30,"M","No",4,"Common"
"1820","No",47,"F","No",3,"Common"
"1822","No",20,"M","No",3,"Considerable Attention"
"1826","Yes",40,"M","Yes",2,"Common"
"1827","No",40,"M","Yes",2,"Common"
"1828","Yes",18,"M","Yes",0,"Common"
"1829","Yes",33,"M","Yes",0,"Common"
"1831","No",24,"M","Yes",3,"Common"
"1833","Yes",20,"M","Yes",1,"Common"
"1835","Yes",30,"M","No",0,"Common"
"1837","Yes",24,"M","Yes",0,"Common"
"1842","Yes",33,"M","Yes",1,"Common"
"1844","No",32,"M","Yes",1,"Common"
"1845","Yes",17,"M","Yes",2,"High Attendition"
"1846","Yes",20,"M","Yes",4,"Considerable Attention"
"1847","Yes",16,"M","Yes",2,"High Attendition"
"1848","Yes",17,"M","Yes",0,"Common"
"1850","Yes",17,"F","No",5,"High Attendition"
"1853","Yes",37,"M","Yes",0,"Common"
"1855","Yes",20,"M","No",0,"Common"
"1856","Yes",21,"M","Yes",3,"Considerable Attention"
"1857","Yes",38,"M","No",3,"Common"
"1859","Yes",17,"M","Yes",5,"High Attendition"
"1862","Yes",17,"M","Yes",0,"Common"
"1863","Yes",17,"F","Yes",0,"Common"
"1864","Yes",42,"M","Yes",0,"Common"
"1865","Yes",40,"M","Yes",1,"Common"
"1867","Yes",18,"M","Yes",0,"Common"
"1868","Yes",19,"M","Yes",0,"Common"
"1871","Yes",18,"M","Yes",0,"Common"
"1872","Yes",25,"M","Yes",4,"Common"
"1875","Yes",24,"M","Yes",2,"Common"
"1876","Yes",19,"M","Yes",1,"Common"
"1877","Yes",21,"M","No",4,"Considerable Attention"
"1882","Yes",15,"M","Yes",0,"Common"
"1883","Yes",25,"M","No",2,"Common"
"1884","Yes",49,"M","No",1,"Common"
"1887","Yes",19,"M","Yes",0,"Common"
"1888","Yes",27,"M","Yes",2,"Common"
"1892","Yes",38,"M","No",4,"Common"
"1893","Yes",17,"M","Yes",0,"Common"
"1894","Yes",36,"M","No",4,"Common"
"1896","Yes",27,"M","No",4,"Common"
"1900","Yes",36,"M","Yes",3,"Common"
"1902","Yes",28,"M","Yes",0,"Common"
"1903","Yes",23,"M","Yes",1,"Common"
"1904","Yes",17,"F","Yes",0,"Common"
"1905","Yes",17,"M","Yes",1,"Common"
"1906","No",24,"M","Yes",2,"Common"
"1908","Yes",34,"M","Yes",2,"Common"
"1911","Yes",15,"M","Yes",1,"Common"
"1912","No",16,"M","No",3,"High Attendition"
"1914","Yes",16,"M","Yes",0,"Common"
"1916","Yes",20,"M","Yes",3,"Considerable Attention"
"1917","Yes",38,"M","Yes",0,"Common"
"1918","Yes",18,"M","Yes",3,"Common"
"1919","Yes",17,"M","Yes",0,"Common"
"1920","No",24,"M","No",2,"Common"
"1921","No",23,"M","Yes",3,"Common"
"1922","Yes",17,"M","Yes",2,"High Attendition"
"1925","Yes",17,"M","Yes",3,"High Attendition"
"1926","Yes",30,"M","Yes",2,"Common"
"1928","Yes",17,"M","Yes",0,"Common"
"1929","Yes",21,"M","Yes",0,"Common"
"1930","Yes",18,"F","Yes",1,"Common"
"1932","No",42,"M","No",3,"Common"
"1941","Yes",16,"M","Yes",0,"Common"
"1942","Yes",20,"M","No",4,"Considerable Attention"
"1947","Yes",23,"M","Yes",2,"Common"
"1948","Yes",36,"M","Yes",2,"Common"
"1949","No",15,"M","Yes",3,"High Attendition"
"1950","Yes",21,"M","Yes",0,"Common"
"1955","Yes",15,"M","Yes",1,"Common"
"1957","Yes",21,"M","Yes",1,"Common"
"1958","Yes",19,"M","Yes",3,"Considerable Attention"
"1959","Yes",21,"M","Yes",0,"Common"
"1962","Yes",20,"M","Yes",1,"Common"
"1965","Yes",30,"M","Yes",3,"Common"
"1966","Yes",27,"M","Yes",3,"Common"
"1967","Yes",15,"M","Yes",0,"Common"
"1969","Yes",35,"M","No",5,"Common"
"1970","Yes",43,"M","Yes",0,"Common"
"1971","Yes",48,"M","Yes",0,"Common"
"1973","Yes",17,"M","Yes",4,"High Attendition"
"1976","Yes",18,"M","Yes",1,"Common"
"1980","No",24,"M","Yes",3,"Common"
"1983","Yes",15,"M","Yes",4,"High Attendition"
"1984","No",33,"M","Yes",3,"Common"
"1986","Yes",25,"M","No",0,"Common"
"1988","Yes",30,"M","Yes",0,"Common"
"1990","Yes",20,"M","Yes",0,"Common"
"1991","Yes",20,"M","Yes",0,"Common"
"1994","Yes",14,"M","Yes",0,"Common"
"1996","No",18,"M","Yes",3,"Common"
"2000","Yes",41,"M","Yes",0,"Common"
"2001","Yes",27,"M","Yes",0,"Common"
"2005","No",45,"M","No",4,"Common"
"2006","Yes",35,"M","No",2,"Common"
"2010","Yes",35,"M","Yes",1,"Common"
"2011","Yes",31,"M","Yes",5,"Common"
"2014","Yes",18,"M","Yes",2,"Common"
"2015","Yes",19,"M","No",4,"Considerable Attention"
"2016","Yes",20,"M","Yes",1,"Common"
"2017","No",14,"M","No",4,"High Attendition"
"2018","Yes",23,"M","Yes",3,"Common"
"2019","Yes",22,"M","Yes",0,"Common"
"2024","Yes",35,"M","Yes",1,"Common"
"2030","Yes",16,"M","Yes",4,"High Attendition"
"2037","Yes",22,"M","Yes",1,"Common"
"2038","Yes",20,"M","Yes",1,"Common"
"2039","No",23,"M","No",1,"Common"
"2041","Yes",18,"M","Yes",0,"Common"
"2042","Yes",19,"F","Yes",2,"Common"
"2043","Yes",25,"M","Yes",0,"Common"
"2048","Yes",19,"M","No",3,"Considerable Attention"
"2050","No",20,"M","Yes",4,"Considerable Attention"
"2057","No",23,"M","No",4,"Common"
"2058","No",18,"M","No",4,"Common"
"2060","Yes",18,"F","No",0,"Common"
"2061","Yes",25,"M","Yes",2,"Common"
"2062","Yes",15,"M","Yes",1,"Common"
"2063","No",19,"M","Yes",2,"Common"
"2065","Yes",40,"M","Yes",2,"Common"
"2069","No",23,"M","No",4,"Common"
"2072","No",23,"M","Yes",0,"Common"
"2074","Yes",24,"M","Yes",2,"Common"
"2080","Yes",21,"M","Yes",2,"Common"
"2082","No",60,"M","Yes",0,"Common"
"2083","Yes",21,"M","No",0,"Common"
"2084","Yes",19,"F","Yes",0,"Common"
"2085","Yes",35,"M","Yes",1,"Common"
"2086","Yes",40,"M","Yes",3,"Common"
"2087","Yes",23,"M","No",6,"Common"
"2089","Yes",23,"M","No",3,"Common"
"2092","Yes",31,"M","Yes",0,"Common"
"2094","Yes",15,"M","No",3,"High Attendition"
"2095","Yes",16,"M","Yes",1,"Common"
"2100","No",21,"M","Yes",3,"Considerable Attention"
"2101","No",19,"M","No",4,"Considerable Attention"
"2102","Yes",21,"M","No",1,"Common"
"2103","Yes",25,"M","Yes",1,"Common"
"2104","Yes",18,"M","No",1,"Common"
"2106","Yes",16,"M","Yes",3,"High Attendition"
"2108","Yes",19,"M","Yes",0,"Common"
"2109","Yes",20,"M","No",5,"Considerable Attention"
"2110","Yes",20,"M","Yes",0,"Common"
"2111","Yes",17,"M","Yes",1,"Common"
"2116","Yes",16,"M","Yes",0,"Common"
"2119","Yes",23,"M","Yes",0,"Common"
"2120","Yes",19,"M","Yes",0,"Common"
"2125","Yes",21,"M","Yes",1,"Common"
"2126","Yes",15,"M","Yes",5,"High Attendition"
"2130","Yes",42,"M","Yes",3,"Common"
"2134","Yes",14,"M","Yes",0,"Common"
"2136","Yes",18,"M","No",0,"Common"
"2138","No",19,"M","Yes",4,"Considerable Attention"
"2139","No",20,"M","Yes",4,"Considerable Attention"
"2140","Yes",19,"M","Yes",4,"Considerable Attention"
"2141","Yes",20,"F","Yes",2,"Common"
"2142","Yes",17,"M","Yes",1,"Common"
"2143","Yes",17,"M","Yes",0,"Common"
"2144","Yes",40,"M","Yes",0,"Common"
"2146","No",40,"M","No",4,"Common"
"2147","Yes",18,"M","No",0,"Common"
"2148","Yes",32,"M","Yes",0,"Common"
"2153","Yes",22,"M","Yes",0,"Common"
"2157","Yes",16,"M","No",1,"Common"
"2159","Yes",30,"M","Yes",0,"Common"
"2161","Yes",24,"M","No",3,"Common"
"2162","Yes",27,"M","Yes",1,"Common"
"2163","No",16,"M","Yes",3,"High Attendition"
"2166","Yes",22,"M","Yes",3,"Common"
"2168","Yes",48,"M","Yes",3,"Common"
"2170","Yes",14,"M","Yes",0,"Common"
"2172","Yes",31,"M","Yes",0,"Common"
"2173","Yes",27,"M","No",1,"Common"
"2178","Yes",28,"M","Yes",3,"Common"
"2180","Yes",17,"M","Yes",1,"Common"
"2183","Yes",25,"M","Yes",0,"Common"
"2184","Yes",32,"M","Yes",3,"Common"
"2186","Yes",16,"F","Yes",0,"Common"
"2188","Yes",19,"M","Yes",0,"Common"
"2189","Yes",17,"M","Yes",0,"Common"
"2190","Yes",16,"M","Yes",2,"High Attendition"
"2194","Yes",24,"M","No",2,"Common"
"2196","Yes",19,"F","Yes",1,"Common"
"2199","Yes",16,"M","Yes",3,"High Attendition"
"2202","Yes",37,"M","Yes",0,"Common"
"2203","Yes",31,"M","No",0,"Common"
"2207","Yes",17,"M","No",1,"Common"
"2208","Yes",25,"M","Yes",1,"Common"
"2212","Yes",20,"M","Yes",2,"Common"
"2213","Yes",30,"M","Yes",0,"Common"
"2219","Yes",23,"M","Yes",0,"Common"
"2221","Yes",45,"M","Yes",3,"Common"
"2223","Yes",30,"M","Yes",1,"Common"
"2224","Yes",31,"M","Yes",2,"Common"
"2226","Yes",21,"F","Yes",0,"Common"
"2227","No",42,"M","Yes",4,"Common"
"2228","Yes",23,"M","Yes",1,"Common"
"2229","Yes",32,"M","Yes",0,"Common"
"2231","Yes",21,"M","No",4,"Considerable Attention"
"2232","Yes",24,"M","No",1,"Common"
"2235","Yes",18,"M","Yes",0,"Common"
"2237","Yes",21,"M","Yes",3,"Considerable Attention"
"2239","Yes",30,"M","Yes",3,"Common"
"2241","No",17,"F","No",0,"Common"
"2246","Yes",20,"M","Yes",4,"Considerable Attention"
"2250","Yes",18,"M","Yes",0,"Common"
"2253","Yes",18,"M","Yes",1,"Common"
"2254","Yes",21,"M","Yes",3,"Considerable Attention"
"2255","No",19,"M","No",3,"Considerable Attention"
"2257","No",19,"M","No",2,"Common"
"2261","Yes",19,"M","Yes",0,"Common"
"2262","Yes",21,"M","Yes",1,"Common"
"2267","Yes",16,"M","Yes",0,"Common"
"2268","Yes",21,"M","No",0,"Common"
"2273","Yes",24,"M","Yes",0,"Common"
"2275","Yes",34,"M","No",0,"Common"
"2276","Yes",18,"F","Yes",0,"Common"
"2278","Yes",16,"M","Yes",0,"Common"
"2280","Yes",14,"M","Yes",0,"Common"
"2281","Yes",19,"M","No",1,"Common"
"2283","Yes",27,"M","No",1,"Common"
"2286","Yes",15,"M","Yes",3,"High Attendition"
"2288","Yes",16,"M","Yes",4,"High Attendition"
"2289","Yes",24,"M","No",3,"Common"
"2293","No",23,"M","No",4,"Common"
"2294","Yes",36,"M","Yes",1,"Common"
"2295","Yes",22,"M","Yes",2,"Common"
"2296","Yes",27,"M","Yes",2,"Common"
"2299","Yes",41,"M","Yes",3,"Common"
"2301","Yes",21,"M","Yes",4,"Considerable Attention"
"2302","Yes",21,"M","Yes",5,"Considerable Attention"
"2303","Yes",24,"M","Yes",3,"Common"
"2306","No",42,"M","No",4,"Common"
"2309","Yes",21,"M","Yes",1,"Common"
"2311","Yes",34,"M","Yes",3,"Common"
"2312","No",32,"M","No",4,"Common"
"2314","Yes",24,"M","Yes",2,"Common"
"2316","Yes",17,"M","Yes",1,"Common"
"2318","Yes",24,"M","Yes",0,"Common"
"2320","Yes",29,"M","Yes",2,"Common"
"2322","Yes",24,"M","Yes",0,"Common"
"2323","Yes",26,"M","No",4,"Common"
"2324","Yes",18,"F","Yes",0,"Common"
"2326","Yes",19,"M","Yes",0,"Common"
"2327","Yes",36,"M","Yes",2,"Common"
"2329","Yes",22,"M","Yes",0,"Common"
"2331","Yes",30,"M","No",4,"Common"
"2338","Yes",18,"M","Yes",1,"Common"
"2339","Yes",28,"M","Yes",0,"Common"
"2348","Yes",28,"M","No",3,"Common"
"2351","Yes",25,"M","Yes",2,"Common"
"2353","Yes",37,"M","Yes",3,"Common"
"2357","Yes",22,"M","Yes",4,"Common"
"2358","No",33,"M","No",4,"Common"
"2359","Yes",16,"M","Yes",2,"High Attendition"
"2361","Yes",17,"M","Yes",0,"Common"
"2362","No",33,"F","No",3,"Common"
"2363","Yes",36,"M","Yes",0,"Common"
"2368","Yes",19,"M","Yes",0,"Common"
"2370","Yes",16,"F","No",2,"High Attendition"
"2371","Yes",26,"M","Yes",0,"Common"
"2372","Yes",17,"M","Yes",0,"Common"
"2375","Yes",21,"M","Yes",2,"Common"
"2377","Yes",34,"M","No",3,"Common"
"2378","Yes",16,"M","Yes",4,"High Attendition"
"2379","Yes",19,"M","Yes",3,"Considerable Attention"
"2382","No",23,"M","Yes",1,"Common"
"2384","No",19,"M","Yes",3,"Considerable Attention"
"2387","Yes",23,"M","No",0,"Common"
"2388","Yes",20,"M","Yes",0,"Common"
"2390","Yes",39,"M","Yes",2,"Common"
"2392","No",26,"M","No",0,"Common"
"2395","Yes",21,"M","Yes",3,"Considerable Attention"
"2397","Yes",17,"M","Yes",0,"Common"
"2400","Yes",18,"F","Yes",0,"Common"
"2401","No",23,"M","Yes",1,"Common"
"2404","Yes",37,"M","Yes",4,"Common"
"2406","Yes",18,"M","Yes",0,"Common"
"2407","Yes",17,"M","Yes",0,"Common"
"2412","Yes",21,"M","Yes",0,"Common"
"2415","Yes",21,"M","Yes",4,"Considerable Attention"
"2416","Yes",24,"M","Yes",0,"Common"
"2418","Yes",27,"M","Yes",0,"Common"
"2426","Yes",19,"M","Yes",1,"Common"
"2427","Yes",19,"M","Yes",2,"Common"
"2428","Yes",20,"M","No",1,"Common"
"2429","Yes",27,"M","No",3,"Common"
"2432","Yes",24,"M","Yes",3,"Common"
"2435","Yes",23,"F","Yes",0,"Common"
"2437","Yes",21,"M","Yes",2,"Common"
"2440","Yes",24,"M","Yes",3,"Common"
"2443","Yes",21,"M","Yes",3,"Considerable Attention"
"2444","Yes",16,"M","Yes",0,"Common"
"2445","Yes",25,"M","Yes",0,"Common"
"2446","Yes",31,"M","Yes",3,"Common"
"2447","No",28,"M","Yes",2,"Common"
"2448","Yes",44,"M","Yes",0,"Common"
"2449","Yes",23,"M","Yes",0,"Common"
"2450","No",20,"M","Yes",2,"Common"
"2453","Yes",23,"M","Yes",1,"Common"
"2458","Yes",15,"M","Yes",3,"High Attendition"
"2465","Yes",23,"M","Yes",2,"Common"
"2467","Yes",14,"M","Yes",1,"Common"
"2468","No",22,"M","Yes",3,"Common"
"2469","Yes",16,"M","Yes",2,"High Attendition"
"2473","Yes",38,"M","Yes",2,"Common"
"2476","Yes",21,"M","Yes",3,"Considerable Attention"
"2479","Yes",21,"M","Yes",3,"Considerable Attention"
"2481","Yes",22,"M","Yes",1,"Common"
"2484","No",16,"M","Yes",1,"Common"
"2493","Yes",25,"M","Yes",0,"Common"
"2495","Yes",20,"M","Yes",0,"Common"
"2496","Yes",24,"M","Yes",2,"Common"
"2497","Yes",19,"M","Yes",0,"Common"
"2499","Yes",18,"M","Yes",2,"Common"
"2501","Yes",18,"F","No",2,"Common"
"2502","Yes",18,"M","Yes",0,"Common"
"2503","Yes",30,"M","No",4,"Common"
"2509","Yes",20,"M","Yes",3,"Considerable Attention"
"2511","Yes",16,"M","Yes",0,"Common"
"2517","Yes",19,"M","Yes",2,"Common"
"2523","Yes",30,"M","Yes",1,"Common"
"2524","Yes",21,"M","Yes",2,"Common"
"2526","Yes",16,"M","Yes",0,"Common"
"2527","Yes",21,"M","Yes",1,"Common"
"2528","Yes",22,"M","No",3,"Common"
"2530","Yes",22,"M","Yes",3,"Common"
"2534","Yes",21,"M","Yes",1,"Common"
"2535","Yes",17,"M","Yes",0,"Common"
"2536","Yes",26,"M","Yes",1,"Common"
"2538","Yes",19,"M","Yes",0,"Common"
"2546","No",26,"M","Yes",1,"Common"
"2547","Yes",33,"M","Yes",0,"Common"
"2548","Yes",20,"M","Yes",4,"Considerable Attention"
"2550","No",21,"M","Yes",0,"Common"
"2551","Yes",19,"M","Yes",2,"Common"
"2554","Yes",18,"M","Yes",4,"Common"
"2555","Yes",36,"M","Yes",2,"Common"
"2559","Yes",18,"F","Yes",1,"Common"
"2560","Yes",24,"M","Yes",0,"Common"
"2561","Yes",18,"M","Yes",1,"Common"
"2564","Yes",30,"M","No",1,"Common"
"2565","Yes",21,"M","Yes",0,"Common"
"2568","Yes",20,"M","Yes",1,"Common"
"2570","Yes",27,"M","Yes",0,"Common"
"2571","Yes",17,"M","Yes",0,"Common"
"2574","Yes",15,"M","Yes",0,"Common"
"2576","Yes",15,"F","Yes",0,"Common"
"2577","Yes",22,"M","Yes",0,"Common"
"2579","No",35,"M","Yes",3,"Common"
"2580","Yes",26,"M","No",2,"Common"
"2583","Yes",17,"F","Yes",1,"Common"
"2585","Yes",16,"M","Yes",0,"Common"
"2587","Yes",22,"M","No",1,"Common"
"2588","Yes",17,"M","Yes",5,"High Attendition"
"2591","Yes",15,"M","Yes",1,"Common"
"2593","Yes",19,"M","Yes",0,"Common"
"2595","Yes",20,"M","Yes",1,"Common"
"2598","Yes",26,"F","Yes",0,"Common"
"2600","Yes",24,"M","Yes",1,"Common"
"2602","Yes",24,"M","Yes",2,"Common"
"2603","Yes",19,"M","Yes",3,"Considerable Attention"
"2604","Yes",34,"M","Yes",3,"Common"
"2606","Yes",18,"M","Yes",0,"Common"
"2608","Yes",15,"M","Yes",2,"High Attendition"
"2614","Yes",18,"M","Yes",0,"Common"
"2615","Yes",20,"M","No",3,"Considerable Attention"
"2616","Yes",22,"M","Yes",1,"Common"
"2618","Yes",17,"M","Yes",0,"Common"
"2619","No",22,"M","Yes",2,"Common"
"2620","Yes",18,"M","Yes",0,"Common"
"2621","Yes",17,"M","Yes",4,"High Attendition"
"2622","Yes",36,"M","Yes",0,"Common"
"2625","Yes",16,"M","Yes",2,"High Attendition"
"2626","Yes",20,"M","Yes",2,"Common"
"2628","Yes",17,"F","Yes",0,"Common"
"2630","No",16,"M","Yes",1,"Common"
"2635","Yes",24,"M","Yes",4,"Common"
"2636","Yes",19,"M","Yes",0,"Common"
"2643","No",27,"M","Yes",4,"Common"
"2646","Yes",27,"M","Yes",2,"Common"
"2648","Yes",35,"M","Yes",2,"Common"
"2649","Yes",19,"F","Yes",1,"Common"
"2650","Yes",35,"M","Yes",3,"Common"
"2652","Yes",15,"M","Yes",0,"Common"
"2653","Yes",17,"M","Yes",1,"Common"
"2655","Yes",22,"M","No",2,"Common"
"2657","No",24,"M","Yes",3,"Common"
"2659","Yes",43,"M","Yes",3,"Common"
"2663","Yes",22,"M","Yes",0,"Common"
"2665","Yes",36,"M","Yes",4,"Common"
"2666","Yes",26,"M","Yes",0,"Common"
"2667","Yes",22,"M","No",0,"Common"
"2668","Yes",20,"M","Yes",1,"Common"
"2674","Yes",21,"M","Yes",1,"Common"
"2675","Yes",18,"M","Yes",0,"Common"
"2679","Yes",15,"M","Yes",0,"Common"
"2680","No",49,"M","No",5,"Common"
"2683","Yes",16,"F","Yes",0,"Common"
"2685","Yes",41,"F","No",1,"Common"
"2686","Yes",18,"M","Yes",1,"Common"
"2687","Yes",23,"M","Yes",0,"Common"
"2689","Yes",18,"M","Yes",0,"Common"
"2690","Yes",39,"M","Yes",2,"Common"
"2695","Yes",23,"M","No",2,"Common"
"2696","Yes",54,"M","Yes",3,"Common"
"2697","No",42,"M","No",4,"Common"
"2698","Yes",17,"M","Yes",1,"Common"
"2699","Yes",15,"M","Yes",0,"Common"
"2706","Yes",32,"M","Yes",3,"Common"
"2708","No",21,"M","Yes",3,"Considerable Attention"
"2711","No",17,"M","Yes",3,"High Attendition"
"2714","Yes",20,"M","No",0,"Common"
"2716","Yes",16,"M","Yes",3,"High Attendition"
"2719","Yes",17,"M","Yes",3,"High Attendition"
"2722","Yes",37,"M","Yes",0,"Common"
"2723","Yes",22,"M","No",1,"Common"
"2724","Yes",30,"M","Yes",1,"Common"
"2726","Yes",15,"M","Yes",3,"High Attendition"
"2727","No",29,"M","No",3,"Common"
"2728","No",16,"M","Yes",0,"Common"
"2729","Yes",44,"M","Yes",0,"Common"
"2730","No",28,"F","No",5,"Common"
"2731","Yes",41,"M","No",2,"Common"
"2732","Yes",21,"M","No",3,"Considerable Attention"
"2733","Yes",22,"M","Yes",3,"Common"
"2735","Yes",17,"M","Yes",2,"High Attendition"
"2739","Yes",20,"M","Yes",0,"Common"
"2742","Yes",36,"M","Yes",1,"Common"
"2743","No",23,"M","Yes",4,"Common"
"2748","Yes",14,"M","Yes",0,"Common"
"2752","Yes",18,"M","Yes",1,"Common"
"2753","Yes",38,"M","Yes",3,"Common"
"2754","Yes",33,"M","Yes",4,"Common"
"2755","No",27,"M","Yes",3,"Common"
"2756","Yes",21,"M","Yes",3,"Considerable Attention"
"2757","Yes",20,"M","Yes",2,"Common"
"2759","Yes",20,"M","Yes",2,"Common"
"2765","No",24,"M","Yes",4,"Common"
"2769","Yes",23,"M","Yes",4,"Common"
"2770","No",17,"M","No",5,"High Attendition"
"2775","Yes",18,"M","Yes",2,"Common"
"2776","Yes",61,"M","Yes",1,"Common"
"2778","No",24,"M","No",3,"Common"
"2779","Yes",60,"M","Yes",1,"Common"
"2780","Yes",17,"M","Yes",2,"High Attendition"
"2785","Yes",16,"M","Yes",0,"Common"
"2787","Yes",35,"M","Yes",3,"Common"
"2789","No",19,"M","No",0,"Common"
"2793","Yes",18,"M","Yes",0,"Common"
"2795","Yes",17,"M","No",4,"High Attendition"
"2798","No",19,"M","Yes",0,"Common"
"2799","No",28,"M","Yes",2,"Common"
"2800","Yes",15,"M","Yes",5,"High Attendition"
"2802","Yes",21,"M","Yes",3,"Considerable Attention"
"2803","Yes",17,"M","Yes",0,"Common"
"2806","Yes",22,"M","Yes",1,"Common"
"2807","No",46,"M","Yes",2,"Common"
"2809","Yes",25,"M","Yes",0,"Common"
"2812","Yes",19,"M","Yes",0,"Common"
"2818","Yes",18,"M","Yes",0,"Common"
"2822","Yes",19,"M","Yes",0,"Common"
"2824","No",36,"M","Yes",2,"Common"
"2830","No",15,"F","Yes",1,"Common"
"2833","Yes",13,"M","Yes",0,"Common"
"2834","Yes",22,"M","Yes",2,"Common"
"2835","Yes",27,"M","Yes",0,"Common"
"2839","Yes",39,"M","No",4,"Common"
"2841","Yes",39,"M","Yes",3,"Common"
"2842","Yes",25,"M","Yes",0,"Common"
"2847","Yes",23,"M","Yes",2,"Common"
"2851","Yes",17,"F","Yes",3,"High Attendition"
"2853","Yes",16,"M","Yes",4,"High Attendition"
"2854","Yes",31,"M","Yes",0,"Common"
"2857","Yes",36,"F","No",3,"Common"
"2859","Yes",22,"M","No",2,"Common"
"2862","Yes",19,"M","Yes",3,"Considerable Attention"
"2863","Yes",19,"M","Yes",2,"Common"
"2866","Yes",20,"M","Yes",0,"Common"
"2867","Yes",22,"M","Yes",3,"Common"
"2869","Yes",17,"M","Yes",0,"Common"
"2871","Yes",17,"F","Yes",4,"High Attendition"
"2872","Yes",54,"M","No",3,"Common"
"2874","Yes",20,"M","Yes",1,"Common"
"2875","Yes",19,"M","Yes",0,"Common"
"2876","No",23,"M","Yes",2,"Common"
"2881","Yes",29,"M","Yes",0,"Common"
"2882","Yes",32,"M","Yes",4,"Common"
"2885","Yes",21,"M","No",5,"Considerable Attention"
"2886","Yes",22,"M","Yes",0,"Common"
"2889","Yes",26,"M","Yes",1,"Common"
"2892","Yes",15,"M","Yes",0,"Common"
"2893","Yes",19,"M","Yes",2,"Common"
"2894","Yes",16,"M","Yes",2,"High Attendition"
"2895","Yes",37,"M","Yes",2,"Common"
"2897","Yes",22,"M","Yes",1,"Common"
"2899","Yes",15,"M","No",1,"Common"
"2900","No",29,"M","Yes",4,"Common"
"2907","Yes",19,"M","No",2,"Common"
"2908","Yes",20,"M","Yes",1,"Common"
"2910","Yes",16,"M","Yes",0,"Common"
"2911","No",20,"M","No",4,"Considerable Attention"
"2913","Yes",22,"M","Yes",3,"Common"
"2914","No",20,"M","Yes",3,"Considerable Attention"
"2915","Yes",17,"F","Yes",1,"Common"
"2916","Yes",41,"M","Yes",4,"Common"
"2921","No",45,"M","No",3,"Common"
"2922","Yes",14,"M","Yes",1,"Common"
"2924","Yes",24,"M","Yes",0,"Common"
"2929","Yes",34,"M","Yes",0,"Common"
"2930","No",36,"M","No",4,"Common"
"2936","No",24,"M","Yes",4,"Common"
"2937","Yes",21,"M","No",4,"Considerable Attention"
"2938","Yes",21,"M","Yes",4,"Considerable Attention"
"2939","Yes",15,"F","Yes",0,"Common"
"2942","Yes",18,"M","Yes",1,"Common"
"2944","Yes",39,"M","Yes",0,"Common"
"2945","Yes",24,"M","Yes",0,"Common"
"2946","Yes",21,"M","Yes",2,"Common"
"2947","Yes",32,"M","Yes",2,"Common"
"2949","Yes",19,"M","Yes",1,"Common"
"2953","Yes",22,"M","Yes",2,"Common"
"2954","Yes",22,"M","No",2,"Common"
"2956","Yes",19,"M","Yes",3,"Considerable Attention"
"2957","Yes",41,"M","Yes",5,"Common"
"2958","Yes",29,"M","Yes",2,"Common"
"2959","Yes",23,"M","Yes",2,"Common"
"2960","Yes",36,"F","Yes",0,"Common"
"2966","Yes",20,"F","Yes",1,"Common"
"2967","Yes",40,"M","Yes",0,"Common"
"2969","Yes",31,"M","Yes",3,"Common"
"2971","Yes",17,"M","Yes",1,"Common"
"2972","Yes",25,"M","Yes",4,"Common"
"2973","Yes",16,"F","Yes",1,"Common"
"2976","No",19,"M","Yes",4,"Considerable Attention"
"2978","Yes",25,"M","Yes",0,"Common"
"2979","Yes",16,"M","Yes",4,"High Attendition"
"2980","No",20,"F","Yes",0,"Common"
"2981","Yes",23,"M","Yes",2,"Common"
"2982","Yes",44,"F","Yes",1,"Common"
"2983","Yes",17,"M","Yes",0,"Common"
"2984","Yes",15,"M","Yes",0,"Common"
"2986","Yes",14,"M","Yes",0,"Common"
"2990","Yes",20,"M","Yes",0,"Common"
"2992","No",19,"M","No",3,"Considerable Attention"
"2994","Yes",18,"M","Yes",2,"Common"
"2999","No",36,"M","Yes",3,"Common"
"3001","Yes",14,"M","Yes",0,"Common"
"3004","Yes",26,"M","No",0,"Common"
"3010","Yes",22,"M","Yes",3,"Common"
"3011","Yes",24,"M","Yes",2,"Common"
"3014","Yes",16,"M","Yes",1,"Common"
"3018","Yes",21,"M","Yes",3,"Considerable Attention"
"3021","Yes",43,"M","No",5,"Common"
"3024","Yes",22,"M","Yes",2,"Common"
"3026","Yes",23,"M","Yes",3,"Common"
"3028","Yes",22,"M","Yes",2,"Common"
"3029","Yes",15,"M","Yes",1,"Common"
"3030","Yes",21,"M","Yes",3,"Considerable Attention"
"3031","Yes",29,"M","Yes",3,"Common"
"3033","Yes",35,"M","No",2,"Common"
"3036","Yes",21,"F","No",0,"Common"
"3039","No",14,"M","Yes",3,"High Attendition"
"3041","Yes",23,"M","Yes",1,"Common"
"3043","No",19,"M","No",4,"Considerable Attention"
"3045","Yes",19,"M","Yes",0,"Common"
"3046","Yes",19,"M","Yes",2,"Common"
"3047","Yes",17,"M","Yes",0,"Common"
"3048","Yes",20,"M","Yes",0,"Common"
"3051","Yes",29,"F","Yes",5,"Common"
"3055","Yes",29,"M","Yes",2,"Common"
"3056","Yes",17,"M","Yes",0,"Common"
"3057","Yes",15,"M","Yes",0,"Common"
"3058","Yes",15,"M","Yes",1,"Common"
"3059","Yes",19,"M","No",3,"Considerable Attention"
"3062","Yes",25,"M","Yes",0,"Common"
"3065","No",33,"M","Yes",4,"Common"
"3069","Yes",23,"M","Yes",0,"Common"
"3072","Yes",30,"M","Yes",0,"Common"
"3075","Yes",46,"M","No",1,"Common"
"3080","Yes",19,"M","Yes",0,"Common"
"3094","No",19,"M","No",4,"Considerable Attention"
"3099","Yes",31,"M","Yes",0,"Common"
"3100","No",19,"M","No",4,"Considerable Attention"
"3103","Yes",17,"F","Yes",1,"Common"
"3104","Yes",21,"M","Yes",3,"Considerable Attention"
"3105","Yes",24,"M","Yes",0,"Common"
"3106","Yes",26,"F","Yes",0,"Common"
"3107","Yes",37,"M","Yes",2,"Common"
"3109","Yes",20,"M","Yes",1,"Common"
"3110","No",44,"M","Yes",0,"Common"
"3111","No",21,"M","No",4,"Considerable Attention"
"3115","Yes",16,"M","Yes",4,"High Attendition"
"3117","Yes",38,"F","No",3,"Common"
"3118","Yes",40,"M","Yes",4,"Common"
"3119","Yes",20,"F","Yes",2,"Common"
"3120","Yes",31,"M","Yes",2,"Common"
"3121","Yes",17,"M","Yes",0,"Common"
"3122","Yes",20,"M","Yes",0,"Common"
"3124","No",39,"M","Yes",6,"Common"
"3125","Yes",18,"M","No",1,"Common"
"3126","Yes",23,"M","Yes",1,"Common"
"3130","Yes",30,"M","No",1,"Common"
"3131","Yes",47,"M","Yes",0,"Common"
"3138","Yes",16,"M","No",2,"High Attendition"
"3139","Yes",22,"M","Yes",4,"Common"
"3141","No",40,"M","Yes",2,"Common"
"3142","Yes",16,"F","Yes",0,"Common"
"3144","Yes",14,"M","Yes",0,"Common"
"3145","Yes",26,"M","Yes",0,"Common"
"3147","Yes",17,"M","Yes",3,"High Attendition"
"3148","Yes",19,"M","No",0,"Common"
"3150","Yes",21,"M","No",4,"Considerable Attention"
"3151","Yes",27,"M","Yes",4,"Common"
"3154","Yes",15,"M","Yes",0,"Common"
"3155","Yes",23,"M","Yes",4,"Common"
"3156","Yes",23,"M","Yes",2,"Common"
"3157","Yes",33,"M","Yes",0,"Common"
"3159","No",20,"M","Yes",0,"Common"
"3161","Yes",17,"F","Yes",0,"Common"
"3162","No",16,"M","Yes",1,"Common"
"3163","Yes",26,"M","Yes",2,"Common"
"3167","Yes",18,"M","Yes",4,"Common"
"3170","Yes",18,"M","Yes",0,"Common"
"3171","Yes",20,"M","Yes",4,"Considerable Attention"
"3173","Yes",16,"M","Yes",4,"High Attendition"
"3177","Yes",19,"M","No",2,"Common"
"3178","Yes",14,"M","Yes",2,"High Attendition"
"3181","Yes",16,"M","Yes",0,"Common"
"3182","Yes",28,"M","Yes",0,"Common"
"3183","No",33,"M","Yes",3,"Common"
"3186","Yes",15,"M","Yes",0,"Common"
"3190","Yes",16,"M","Yes",3,"High Attendition"
"3191","Yes",20,"M","Yes",2,"Common"
"3192","No",23,"M","Yes",2,"Common"
"3193","No",23,"M","No",4,"Common"
"3194","Yes",34,"M","Yes",0,"Common"
"3196","Yes",26,"M","Yes",0,"Common"
"3199","Yes",20,"M","Yes",3,"Considerable Attention"
"3200","Yes",25,"M","No",2,"Common"
"3202","Yes",19,"M","Yes",3,"Considerable Attention"
"3204","Yes",19,"M","Yes",1,"Common"
"3205","Yes",20,"M","Yes",1,"Common"
"3214","Yes",18,"M","Yes",3,"Common"
"3218","Yes",16,"M","Yes",1,"Common"
"3221","Yes",17,"M","Yes",1,"Common"
"3225","Yes",18,"M","Yes",0,"Common"
"3227","Yes",16,"M","Yes",0,"Common"
"3228","Yes",21,"M","No",0,"Common"
"3232","Yes",16,"M","Yes",0,"Common"
"3233","Yes",21,"M","Yes",1,"Common"
"3237","Yes",17,"M","Yes",0,"Common"
"3238","Yes",20,"M","Yes",3,"Considerable Attention"
"3240","Yes",28,"M","Yes",3,"Common"
"3242","Yes",21,"M","Yes",2,"Common"
"3247","Yes",17,"M","Yes",0,"Common"
"3249","No",19,"M","No",4,"Considerable Attention"
"3250","Yes",17,"M","Yes",1,"Common"
"3251","Yes",21,"M","Yes",0,"Common"
"3254","No",17,"M","Yes",4,"High Attendition"
"3255","Yes",20,"M","No",1,"Common"
"3261","Yes",23,"M","Yes",0,"Common"
"3262","No",21,"M","Yes",1,"Common"
"3264","Yes",24,"M","Yes",4,"Common"
"3266","Yes",21,"M","No",0,"Common"
"3270","Yes",38,"M","No",3,"Common"
"3272","No",26,"M","No",2,"Common"
"3273","Yes",31,"M","Yes",4,"Common"
"3278","No",21,"M","No",5,"Considerable Attention"
"3279","Yes",24,"M","Yes",3,"Common"
"3281","Yes",17,"M","No",1,"Common"
"3284","Yes",16,"M","Yes",1,"Common"
"3286","No",18,"F","Yes",0,"Common"
"3287","No",18,"F","Yes",0,"Common"
"3288","Yes",19,"M","Yes",0,"Common"
"3289","Yes",20,"M","Yes",2,"Common"
"3290","Yes",47,"M","Yes",1,"Common"
"3296","No",40,"F","No",4,"Common"
"3297","Yes",19,"F","Yes",3,"Considerable Attention"
"3298","Yes",25,"M","Yes",3,"Common"
"3301","Yes",22,"M","No",2,"Common"
"3302","Yes",19,"M","Yes",0,"Common"
"3304","No",28,"M","Yes",4,"Common"
"3306","Yes",18,"M","Yes",1,"Common"
"3308","Yes",18,"M","Yes",3,"Common"
"3309","No",19,"M","Yes",2,"Common"
"3311","Yes",20,"M","Yes",1,"Common"
"3314","Yes",22,"F","Yes",0,"Common"
"3315","Yes",18,"M","Yes",0,"Common"
"3317","Yes",27,"M","Yes",2,"Common"
"3320","Yes",25,"M","Yes",4,"Common"
"3321","Yes",26,"M","Yes",2,"Common"
"3325","Yes",17,"M","Yes",2,"High Attendition"
"3327","Yes",26,"M","Yes",1,"Common"
"3334","Yes",17,"M","Yes",1,"Common"
"3338","Yes",20,"M","No",0,"Common"
"3340","Yes",15,"M","Yes",4,"High Attendition"
"3344","Yes",20,"F","Yes",0,"Common"
"3352","Yes",23,"M","Yes",4,"Common"
"3353","Yes",20,"M","Yes",1,"Common"
"3354","Yes",40,"M","Yes",0,"Common"
"3355","Yes",61,"M","Yes",3,"Common"
"3357","Yes",49,"M","Yes",3,"Common"
"3359","Yes",23,"M","Yes",2,"Common"
"3361","Yes",32,"M","No",2,"Common"
"3362","Yes",17,"M","Yes",0,"Common"
"3366","Yes",45,"M","No",4,"Common"
"3367","Yes",21,"M","No",1,"Common"
"3369","Yes",22,"M","Yes",0,"Common"
"3371","Yes",19,"M","No",0,"Common"
"3372","Yes",20,"M","Yes",2,"Common"
"3374","Yes",21,"M","Yes",0,"Common"
"3377","Yes",39,"M","No",0,"Common"
"3378","Yes",21,"M","Yes",0,"Common"
"3379","Yes",17,"M","Yes",1,"Common"
"3382","Yes",41,"M","Yes",0,"Common"
"3383","Yes",21,"M","Yes",0,"Common"
"3384","Yes",22,"M","Yes",3,"Common"
"3385","Yes",19,"M","Yes",0,"Common"
"3388","Yes",21,"M","Yes",5,"Considerable Attention"
"3389","Yes",26,"M","Yes",3,"Common"
"3390","Yes",25,"M","Yes",1,"Common"
"3391","Yes",20,"F","Yes",0,"Common"
"3392","Yes",30,"M","No",3,"Common"
"3395","Yes",20,"M","Yes",0,"Common"
"3396","Yes",20,"F","Yes",0,"Common"
"3400","Yes",18,"M","Yes",2,"Common"
"3401","No",25,"M","Yes",0,"Common"
"3404","Yes",18,"M","Yes",2,"Common"
"3411","Yes",42,"M","Yes",4,"Common"
"3414","Yes",24,"M","Yes",0,"Common"
"3415","Yes",18,"M","Yes",0,"Common"
"3419","Yes",26,"M","Yes",0,"Common"
"3421","Yes",24,"M","Yes",0,"Common"
"3423","No",31,"M","Yes",4,"Common"
"3424","Yes",19,"M","Yes",3,"Considerable Attention"
"3426","Yes",28,"F","Yes",1,"Common"
"3428","Yes",23,"M","Yes",4,"Common"
"3429","No",16,"M","Yes",3,"High Attendition"
"3431","Yes",17,"M","No",4,"High Attendition"
"3433","No",15,"M","No",4,"High Attendition"
"3437","Yes",18,"M","Yes",0,"Common"
"3438","Yes",25,"M","Yes",3,"Common"
"3440","Yes",34,"M","No",4,"Common"
"3441","Yes",25,"M","Yes",0,"Common"
"3442","Yes",15,"M","Yes",0,"Common"
"3444","Yes",17,"M","Yes",3,"High Attendition"
"3445","Yes",24,"M","Yes",0,"Common"
"3446","Yes",29,"F","Yes",0,"Common"
"3450","Yes",37,"M","Yes",0,"Common"
"3455","Yes",21,"M","Yes",2,"Common"
"3456","Yes",18,"M","Yes",0,"Common"
"3457","Yes",19,"M","Yes",1,"Common"
"3463","Yes",18,"M","Yes",0,"Common"
"3464","No",21,"M","No",3,"Considerable Attention"
"3465","No",15,"M","Yes",2,"High Attendition"
"3466","Yes",21,"F","Yes",0,"Common"
"3470","Yes",18,"M","Yes",0,"Common"
"3471","Yes",18,"F","Yes",0,"Common"
"3472","No",30,"M","Yes",0,"Common"
"3474","Yes",14,"M","Yes",1,"Common"
"3476","Yes",44,"M","Yes",3,"Common"
"3479","Yes",24,"M","Yes",1,"Common"
"3480","Yes",20,"M","Yes",0,"Common"
"3484","Yes",24,"M","No",4,"Common"
"3485","Yes",16,"M","Yes",0,"Common"
"3487","Yes",17,"M","No",2,"High Attendition"
"3492","No",47,"F","No",2,"Common"
"3493","No",37,"M","Yes",3,"Common"
"3496","Yes",14,"M","Yes",0,"Common"
"3499","Yes",20,"M","Yes",2,"Common"
"3502","No",48,"M","Yes",3,"Common"
"3503","Yes",16,"M","Yes",3,"High Attendition"
"3506","Yes",16,"M","Yes",0,"Common"
"3508","Yes",21,"M","Yes",3,"Considerable Attention"
"3518","Yes",23,"M","Yes",2,"Common"
"3521","No",16,"M","Yes",0,"Common"
"3527","Yes",17,"M","Yes",0,"Common"
"3531","Yes",24,"M","Yes",2,"Common"
"3533","Yes",15,"M","Yes",0,"Common"
"3535","Yes",21,"M","Yes",3,"Considerable Attention"
"3537","Yes",36,"M","Yes",3,"Common"
"3538","Yes",44,"M","Yes",1,"Common"
"3542","Yes",16,"F","Yes",1,"Common"
"3543","Yes",20,"M","No",4,"Considerable Attention"
"3545","Yes",18,"M","Yes",0,"Common"
"3546","Yes",17,"M","Yes",2,"High Attendition"
"3547","Yes",25,"M","Yes",1,"Common"
"3549","Yes",21,"M","Yes",2,"Common"
"3550","Yes",22,"M","Yes",0,"Common"
"3552","Yes",19,"M","Yes",3,"Considerable Attention"
"3555","Yes",36,"M","Yes",2,"Common"
"3557","No",19,"M","Yes",2,"Common"
"3559","Yes",18,"M","Yes",1,"Common"
"3562","Yes",26,"M","Yes",1,"Common"
"3564","Yes",16,"M","Yes",0,"Common"
"3565","Yes",34,"M","No",3,"Common"
"3566","Yes",36,"M","Yes",1,"Common"
"3568","Yes",24,"M","No",0,"Common"
"3569","Yes",16,"M","Yes",0,"Common"
"3572","Yes",21,"F","Yes",0,"Common"
"3573","Yes",24,"M","Yes",0,"Common"
"3575","Yes",24,"M","Yes",2,"Common"
"3576","Yes",18,"M","Yes",3,"Common"
"3577","No",17,"M","Yes",4,"High Attendition"
"3578","Yes",19,"M","Yes",2,"Common"
"3579","Yes",21,"M","Yes",0,"Common"
"3580","Yes",19,"M","Yes",3,"Considerable Attention"
"3585","Yes",29,"M","Yes",3,"Common"
"3586","Yes",24,"M","Yes",0,"Common"
"3588","Yes",16,"M","Yes",0,"Common"
"3590","Yes",20,"M","Yes",0,"Common"
"3592","Yes",15,"M","Yes",3,"High Attendition"
"3596","Yes",59,"M","Yes",1,"Common"
"3598","No",37,"M","Yes",3,"Common"
"3605","Yes",45,"M","Yes",0,"Common"
"3606","Yes",18,"M","Yes",0,"Common"
"3607","No",27,"M","Yes",2,"Common"
"3608","Yes",31,"M","Yes",0,"Common"
"3611","Yes",37,"F","No",3,"Common"
"3613","Yes",25,"M","Yes",2,"Common"
"3614","Yes",30,"F","Yes",3,"Common"
"3615","Yes",29,"M","Yes",0,"Common"
"3616","Yes",36,"M","Yes",2,"Common"
"3618","No",28,"M","Yes",0,"Common"
"3619","Yes",21,"M","Yes",1,"Common"
"3622","Yes",17,"M","Yes",1,"Common"
"3623","Yes",18,"M","Yes",0,"Common"
"3626","Yes",19,"M","No",2,"Common"
"3633","Yes",16,"M","No",3,"High Attendition"
"3634","No",15,"M","Yes",3,"High Attendition"
"3637","Yes",16,"M","Yes",2,"High Attendition"
"3640","Yes",19,"M","Yes",1,"Common"
"3641","Yes",16,"M","Yes",0,"Common"
"3643","No",17,"M","No",2,"High Attendition"
"3647","Yes",22,"M","Yes",1,"Common"
"3651","Yes",16,"M","Yes",0,"Common"
"3653","Yes",18,"M","Yes",2,"Common"
"3654","Yes",24,"M","Yes",1,"Common"
"3656","Yes",35,"M","Yes",0,"Common"
"3657","Yes",40,"M","Yes",0,"Common"
"3659","Yes",25,"M","No",3,"Common"
"3663","Yes",17,"F","Yes",4,"High Attendition"
"3667","Yes",19,"M","No",0,"Common"
"3669","No",17,"M","No",5,"High Attendition"
"3673","No",15,"M","Yes",4,"High Attendition"
"3675","Yes",20,"M","No",3,"Considerable Attention"
"3676","No",18,"M","Yes",0,"Common"
"3681","Yes",52,"M","Yes",3,"Common"
"3682","Yes",20,"M","Yes",0,"Common"
"3685","No",21,"M","No",3,"Considerable Attention"
"3686","Yes",45,"M","Yes",1,"Common"
"3687","No",17,"F","Yes",0,"Common"
"3691","Yes",18,"F","No",2,"Common"
"3693","Yes",20,"M","Yes",0,"Common"
"3694","Yes",20,"M","Yes",0,"Common"
"3695","Yes",25,"M","Yes",0,"Common"
"3698","Yes",24,"M","Yes",0,"Common"
"3699","Yes",16,"M","Yes",1,"Common"
"3703","No",27,"M","No",4,"Common"
"3707","Yes",19,"M","Yes",0,"Common"
"3709","Yes",27,"M","Yes",0,"Common"
"3715","Yes",25,"M","Yes",2,"Common"
"3717","Yes",17,"M","Yes",0,"Common"
"3718","Yes",16,"M","Yes",0,"Common"
"3720","Yes",21,"M","Yes",0,"Common"
"3721","Yes",18,"M","Yes",0,"Common"
"3724","Yes",30,"M","Yes",0,"Common"
"3726","Yes",20,"M","Yes",2,"Common"
"3727","Yes",22,"M","Yes",0,"Common"
"3731","Yes",19,"M","Yes",1,"Common"
"3732","Yes",17,"M","No",1,"Common"
"3738","Yes",21,"M","Yes",0,"Common"
"3742","Yes",37,"F","No",2,"Common"
"3745","Yes",15,"M","Yes",2,"High Attendition"
"3748","Yes",38,"M","No",4,"Common"
"3750","Yes",28,"M","Yes",3,"Common"
"3752","No",18,"M","No",2,"Common"
"3754","Yes",16,"M","Yes",1,"Common"
"3755","Yes",13,"M","Yes",0,"Common"
"3757","Yes",21,"M","No",3,"Considerable Attention"
"3758","Yes",17,"M","Yes",1,"Common"
"3760","Yes",39,"M","Yes",2,"Common"
"3761","Yes",28,"M","No",0,"Common"
"3764","Yes",20,"M","Yes",2,"Common"
"3766","Yes",22,"M","Yes",3,"Common"
"3768","Yes",23,"M","No",4,"Common"
"3771","Yes",22,"M","Yes",2,"Common"
"3773","Yes",17,"M","Yes",0,"Common"
"3774","Yes",19,"M","Yes",0,"Common"
"3776","Yes",18,"M","Yes",2,"Common"
"3777","Yes",23,"M","No",0,"Common"
"3779","Yes",52,"F","No",3,"Common"
"3782","Yes",33,"M","Yes",0,"Common"
"3784","Yes",25,"M","Yes",0,"Common"
"3785","Yes",39,"M","Yes",2,"Common"
"3787","Yes",20,"M","Yes",1,"Common"
"3788","Yes",24,"M","Yes",0,"Common"
"3789","Yes",26,"M","Yes",5,"Common"
"3794","Yes",17,"M","Yes",1,"Common"
"3795","Yes",24,"F","Yes",0,"Common"
"3796","No",32,"M","No",3,"Common"
"3797","Yes",22,"M","Yes",0,"Common"
"3800","Yes",18,"M","Yes",2,"Common"
"3801","Yes",19,"M","Yes",4,"Considerable Attention"
"3803","Yes",32,"M","Yes",4,"Common"
"3804","Yes",21,"M","Yes",2,"Common"
"3805","Yes",25,"M","Yes",0,"Common"
"3809","No",39,"M","No",4,"Common"
"3812","Yes",23,"M","Yes",4,"Common"
"3815","Yes",16,"M","Yes",0,"Common"
"3821","Yes",13,"F","Yes",0,"Common"
"3825","No",21,"M","No",1,"Common"
"3833","Yes",17,"M","Yes",0,"Common"
"3834","No",19,"M","Yes",2,"Common"
"3837","Yes",15,"F","Yes",0,"Common"
"3838","Yes",32,"M","Yes",1,"Common"
"3839","No",16,"M","No",3,"High Attendition"
"3840","Yes",19,"M","Yes",0,"Common"
"3841","Yes",23,"M","Yes",0,"Common"
"3842","Yes",15,"M","No",2,"High Attendition"
"3845","Yes",19,"M","Yes",2,"Common"
"3847","Yes",19,"M","No",0,"Common"
"3848","Yes",26,"M","Yes",0,"Common"
"3851","Yes",20,"M","Yes",1,"Common"
"3852","Yes",36,"M","Yes",3,"Common"
"3853","Yes",20,"M","Yes",0,"Common"
"3855","Yes",27,"M","Yes",1,"Common"
"3863","Yes",23,"F","Yes",0,"Common"
"3864","No",19,"M","Yes",3,"Considerable Attention"
"3867","No",21,"M","Yes",1,"Common"
"3876","Yes",15,"M","Yes",0,"Common"
"3877","Yes",23,"M","Yes",1,"Common"
"3880","Yes",21,"M","Yes",0,"Common"
"3881","Yes",23,"M","Yes",2,"Common"
"3886","Yes",18,"F","Yes",0,"Common"
"3889","No",22,"M","Yes",4,"Common"
"3892","No",17,"M","Yes",3,"High Attendition"
"3893","Yes",19,"M","Yes",1,"Common"
"3894","No",16,"M","Yes",2,"High Attendition"
"3896","Yes",21,"M","No",2,"Common"
"3897","Yes",21,"M","No",0,"Common"
"3900","Yes",38,"M","Yes",3,"Common"
"3902","Yes",18,"M","Yes",0,"Common"
"3905","Yes",19,"M","Yes",3,"Considerable Attention"
"3906","Yes",20,"M","Yes",2,"Common"
"3907","Yes",16,"M","Yes",4,"High Attendition"
"3912","Yes",18,"M","Yes",0,"Common"
"3913","Yes",22,"M","No",3,"Common"
"3914","Yes",17,"M","Yes",4,"High Attendition"
"3917","Yes",35,"M","Yes",3,"Common"
"3918","Yes",19,"F","Yes",1,"Common"
"3920","Yes",16,"M","Yes",2,"High Attendition"
"3921","Yes",19,"M","No",3,"Considerable Attention"
"3922","Yes",24,"M","Yes",1,"Common"
"3924","Yes",13,"M","Yes",0,"Common"
"3926","Yes",17,"M","Yes",0,"Common"
"3931","Yes",18,"M","Yes",2,"Common"
"3932","Yes",33,"M","No",3,"Common"
"3935","Yes",25,"M","No",0,"Common"
"3937","Yes",16,"M","Yes",1,"Common"
"3938","Yes",27,"M","Yes",0,"Common"
"3939","Yes",17,"M","Yes",0,"Common"
"3940","Yes",33,"M","Yes",0,"Common"
"3942","Yes",17,"M","Yes",1,"Common"
"3944","Yes",22,"M","Yes",0,"Common"
"3946","Yes",22,"M","Yes",2,"Common"
"3952","Yes",23,"M","No",2,"Common"
"3953","No",35,"M","Yes",2,"Common"
"3954","Yes",19,"M","Yes",2,"Common"
"3955","Yes",18,"M","Yes",1,"Common"
"3959","Yes",40,"M","Yes",2,"Common"
"3962","Yes",22,"M","No",4,"Common"
"3964","Yes",19,"M","No",1,"Common"
"3966","Yes",19,"M","Yes",1,"Common"
"3967","Yes",23,"M","Yes",1,"Common"
"3968","Yes",15,"M","Yes",0,"Common"
"3971","No",22,"M","No",0,"Common"
"3972","Yes",15,"M","Yes",0,"Common"
"3973","Yes",37,"M","Yes",2,"Common"
"3974","Yes",22,"M","Yes",0,"Common"
"3981","Yes",22,"M","No",4,"Common"
"3982","Yes",23,"M","Yes",3,"Common"
"3985","Yes",53,"M","Yes",0,"Common"
"3987","Yes",30,"M","No",3,"Common"
"3992","Yes",21,"F","Yes",1,"Common"
"3997","Yes",25,"M","No",1,"Common"
"3998","Yes",42,"M","No",3,"Common"
"4001","Yes",25,"F","Yes",2,"Common"
"4003","Yes",20,"M","Yes",1,"Common"
"4004","Yes",18,"M","No",0,"Common"
"4005","Yes",19,"M","Yes",1,"Common"
"4007","Yes",31,"M","Yes",2,"Common"
"4010","No",24,"M","Yes",2,"Common"
"4011","Yes",24,"M","No",0,"Common"
"4012","No",39,"M","No",4,"Common"
"4013","Yes",18,"M","Yes",0,"Common"
"4017","Yes",17,"M","Yes",1,"Common"
"4018","No",38,"M","Yes",4,"Common"
"4025","No",17,"M","Yes",3,"High Attendition"
"4028","Yes",36,"M","Yes",0,"Common"
"4031","Yes",42,"M","No",3,"Common"
"4033","Yes",17,"M","Yes",0,"Common"
"4036","Yes",35,"M","No",3,"Common"
"4039","No",19,"M","Yes",0,"Common"
"4043","Yes",19,"M","Yes",3,"Considerable Attention"
"4044","No",19,"M","Yes",4,"Considerable Attention"
"4045","Yes",20,"M","Yes",1,"Common"
"4048","Yes",21,"M","Yes",0,"Common"
"4054","Yes",18,"M","Yes",1,"Common"
"4057","Yes",23,"M","Yes",4,"Common"
"4061","Yes",38,"M","Yes",2,"Common"
"4062","No",19,"M","Yes",0,"Common"
"4064","No",18,"M","Yes",5,"Common"
"4065","Yes",18,"M","Yes",1,"Common"
"4068","Yes",25,"M","Yes",3,"Common"
"4072","Yes",16,"M","Yes",1,"Common"
"4073","Yes",22,"M","Yes",3,"Common"
"4074","Yes",27,"M","Yes",3,"Common"
"4076","Yes",32,"M","Yes",1,"Common"
"4077","Yes",22,"M","Yes",3,"Common"
"4078","Yes",24,"M","Yes",1,"Common"
"4080","Yes",18,"M","Yes",1,"Common"
"4082","Yes",27,"M","Yes",3,"Common"
"4084","Yes",19,"M","Yes",0,"Common"
"4091","Yes",25,"M","Yes",0,"Common"
"4093","Yes",18,"M","Yes",0,"Common"
"4094","No",45,"M","No",1,"Common"
"4100","No",16,"M","Yes",3,"High Attendition"
"4101","No",26,"F","No",2,"Common"
"4102","Yes",32,"M","Yes",0,"Common"
"4104","Yes",35,"M","Yes",4,"Common"
"4108","No",13,"F","Yes",1,"Common"
"4109","Yes",25,"M","Yes",0,"Common"
"4110","No",35,"M","Yes",2,"Common"
"4112","Yes",19,"M","Yes",1,"Common"
"4115","Yes",23,"M","Yes",0,"Common"
"4116","Yes",40,"M","Yes",2,"Common"
"4117","Yes",19,"M","Yes",0,"Common"
"4119","Yes",39,"M","Yes",3,"Common"
"4122","Yes",39,"M","Yes",2,"Common"
"4123","Yes",30,"M","No",3,"Common"
"4126","No",21,"M","Yes",0,"Common"
"4128","No",29,"M","Yes",1,"Common"
"4130","Yes",18,"M","Yes",1,"Common"
"4131","Yes",37,"M","No",4,"Common"
"4133","Yes",23,"M","Yes",0,"Common"
"4134","Yes",17,"M","Yes",2,"High Attendition"
"4135","Yes",21,"M","Yes",1,"Common"
"4136","No",29,"M","Yes",5,"Common"
"4137","Yes",21,"M","Yes",2,"Common"
"4138","Yes",18,"M","Yes",2,"Common"
"4140","Yes",32,"M","Yes",5,"Common"
"4141","Yes",36,"M","Yes",3,"Common"
"4143","Yes",41,"M","No",0,"Common"
"4145","Yes",26,"M","Yes",3,"Common"
"4147","Yes",19,"M","No",3,"Considerable Attention"
"4149","Yes",22,"M","Yes",2,"Common"
"4150","No",23,"M","Yes",1,"Common"
"4156","Yes",22,"M","Yes",0,"Common"
"4158","Yes",15,"M","Yes",0,"Common"
"4160","Yes",22,"M","Yes",0,"Common"
"4163","Yes",24,"M","Yes",2,"Common"
"4165","Yes",20,"M","Yes",4,"Considerable Attention"
"4166","Yes",21,"M","Yes",3,"Considerable Attention"
"4170","Yes",29,"M","Yes",2,"Common"
"4171","Yes",18,"M","Yes",4,"Common"
"4173","Yes",20,"M","Yes",1,"Common"
"4175","Yes",18,"M","Yes",0,"Common"
"4176","Yes",25,"M","Yes",0,"Common"
"4177","Yes",22,"M","Yes",3,"Common"
"4178","Yes",19,"M","Yes",0,"Common"
"4179","Yes",35,"M","Yes",0,"Common"
"4181","Yes",28,"M","Yes",0,"Common"
"4184","Yes",17,"M","No",2,"High Attendition"
"4185","Yes",18,"M","Yes",3,"Common"
"4188","Yes",20,"M","No",3,"Considerable Attention"
"4197","Yes",23,"M","No",0,"Common"
"4198","No",22,"M","Yes",4,"Common"
"4201","No",33,"M","No",3,"Common"
"4202","No",47,"F","No",1,"Common"
"4209","Yes",18,"M","Yes",0,"Common"
"4210","Yes",17,"M","Yes",0,"Common"
"4211","Yes",23,"M","Yes",1,"Common"
"4213","Yes",21,"M","No",3,"Considerable Attention"
"4218","Yes",29,"F","Yes",3,"Common"
"4219","Yes",27,"M","Yes",1,"Common"
"4221","Yes",30,"M","Yes",3,"Common"
"4222","Yes",17,"M","Yes",1,"Common"
"4224","Yes",25,"M","Yes",3,"Common"
"4226","Yes",21,"M","Yes",0,"Common"
"4227","Yes",22,"M","Yes",1,"Common"
"4228","Yes",18,"M","Yes",0,"Common"
"4230","Yes",17,"M","Yes",0,"Common"
"4232","Yes",28,"M","Yes",3,"Common"
"4235","Yes",24,"M","No",4,"Common"
"4238","Yes",15,"M","Yes",1,"Common"
"4239","Yes",21,"M","No",1,"Common"
"4241","Yes",21,"M","Yes",0,"Common"
"4242","Yes",18,"M","Yes",0,"Common"
"4245","Yes",22,"M","Yes",0,"Common"
"4246","Yes",32,"M","No",2,"Common"
"4247","Yes",26,"M","Yes",0,"Common"
"4251","Yes",18,"M","Yes",0,"Common"
"4253","Yes",33,"M","Yes",3,"Common"
"4254","Yes",24,"M","Yes",2,"Common"
"4257","Yes",15,"M","Yes",1,"Common"
"4270","Yes",19,"M","Yes",3,"Considerable Attention"
"4271","Yes",45,"M","Yes",0,"Common"
"4274","Yes",16,"M","Yes",4,"High Attendition"
"4275","Yes",43,"F","No",4,"Common"
"4280","Yes",37,"M","No",3,"Common"
"4283","Yes",25,"M","Yes",2,"Common"
"4284","Yes",20,"M","Yes",2,"Common"
"4287","Yes",17,"M","Yes",2,"High Attendition"
"4293","Yes",43,"M","No",3,"Common"
"4294","Yes",35,"M","Yes",2,"Common"
"4296","Yes",15,"M","Yes",0,"Common"
"4297","Yes",14,"M","Yes",2,"High Attendition"
"4299","Yes",23,"M","Yes",0,"Common"
"4306","Yes",18,"M","Yes",0,"Common"
"4308","Yes",23,"M","Yes",0,"Common"
"4310","Yes",16,"M","Yes",0,"Common"
"4312","Yes",20,"M","No",0,"Common"
"4314","Yes",18,"M","Yes",0,"Common"
"4315","Yes",18,"M","Yes",0,"Common"
"4316","Yes",20,"M","No",1,"Common"
"4320","Yes",16,"M","Yes",0,"Common"
"4321","Yes",17,"M","Yes",0,"Common"
"4322","Yes",17,"M","No",1,"Common"
"4325","Yes",21,"M","Yes",0,"Common"
"4330","Yes",20,"M","Yes",1,"Common"
"4331","Yes",18,"M","Yes",0,"Common"
"4338","Yes",16,"M","Yes",1,"Common"
"4342","Yes",23,"M","Yes",2,"Common"
"4343","Yes",19,"M","Yes",1,"Common"
"4349","Yes",16,"M","Yes",0,"Common"
"4351","Yes",50,"M","Yes",3,"Common"
"4355","Yes",26,"M","Yes",1,"Common"
"4357","Yes",25,"M","Yes",2,"Common"
"4359","Yes",29,"M","Yes",3,"Common"
"4360","Yes",16,"F","Yes",0,"Common"
"4363","Yes",23,"M","Yes",3,"Common"
"4367","No",18,"M","No",4,"Common"
"4369","Yes",25,"M","Yes",0,"Common"
"4370","Yes",24,"M","Yes",4,"Common"
"4375","Yes",44,"M","No",0,"Common"
"4376","No",18,"M","No",0,"Common"
"4377","No",18,"M","Yes",3,"Common"
"4379","Yes",29,"M","Yes",0,"Common"
"4382","Yes",38,"F","Yes",0,"Common"
"4384","Yes",16,"M","Yes",0,"Common"
"4387","Yes",20,"M","Yes",0,"Common"
"4388","Yes",19,"M","Yes",2,"Common"
"4390","Yes",18,"M","No",2,"Common"
"4392","Yes",19,"M","Yes",0,"Common"
"4394","Yes",22,"M","Yes",0,"Common"
"4395","Yes",25,"M","No",2,"Common"
"4396","Yes",31,"M","Yes",3,"Common"
"4397","Yes",22,"M","Yes",2,"Common"
"4398","Yes",31,"M","Yes",2,"Common"
"4399","Yes",24,"M","Yes",0,"Common"
"4400","Yes",20,"M","Yes",3,"Considerable Attention"
"4401","Yes",31,"M","Yes",0,"Common"
"4402","Yes",23,"M","Yes",0,"Common"
"4403","Yes",18,"M","Yes",0,"Common"
"4406","Yes",18,"M","Yes",3,"Common"
"4407","Yes",19,"M","Yes",1,"Common"
"4411","Yes",16,"F","Yes",0,"Common"
"4414","No",31,"M","Yes",3,"Common"
"4415","No",35,"M","Yes",3,"Common"
"4417","Yes",33,"M","Yes",0,"Common"
"4419","Yes",27,"M","Yes",1,"Common"
"4420","Yes",23,"M","Yes",0,"Common"
"4423","Yes",20,"M","Yes",0,"Common"
"4427","Yes",37,"M","Yes",2,"Common"
"4428","Yes",20,"M","Yes",1,"Common"
"4431","No",34,"M","Yes",4,"Common"
"4436","Yes",18,"F","Yes",0,"Common"
"4437","Yes",22,"M","Yes",0,"Common"
"4439","Yes",22,"M","Yes",0,"Common"
"4441","Yes",22,"M","Yes",4,"Common"
"4442","Yes",22,"M","Yes",6,"Common"
"4444","Yes",23,"M","Yes",1,"Common"
"4446","Yes",24,"F","No",2,"Common"
"4448","Yes",23,"M","Yes",0,"Common"
"4452","No",26,"M","Yes",4,"Common"
"4453","Yes",22,"M","Yes",0,"Common"
"4455","Yes",48,"M","Yes",2,"Common"
"4456","Yes",25,"M","Yes",0,"Common"
"4457","Yes",28,"M","No",0,"Common"
"4458","Yes",22,"F","Yes",0,"Common"
"4461","No",13,"M","Yes",3,"High Attendition"
"4467","No",17,"M","Yes",3,"High Attendition"
"4469","No",51,"M","No",1,"Common"
"4472","Yes",16,"M","Yes",0,"Common"
"4473","Yes",17,"M","No",0,"Common"
"4474","Yes",22,"M","Yes",4,"Common"
"4475","Yes",42,"M","Yes",3,"Common"
"4476","Yes",19,"M","Yes",3,"Considerable Attention"
"4481","Yes",20,"F","No",0,"Common"
"4482","Yes",21,"F","Yes",0,"Common"
"4484","Yes",20,"M","Yes",1,"Common"
"4485","Yes",18,"M","Yes",0,"Common"
"4487","No",20,"M","No",0,"Common"
"4490","Yes",44,"M","Yes",0,"Common"
"4491","Yes",24,"M","Yes",0,"Common"
"4492","Yes",21,"M","Yes",1,"Common"
"4493","Yes",29,"M","Yes",1,"Common"
"4495","Yes",21,"M","Yes",4,"Considerable Attention"
"4497","Yes",33,"M","Yes",0,"Common"
"4501","Yes",22,"M","Yes",3,"Common"
"4503","Yes",22,"M","Yes",3,"Common"
"4507","Yes",26,"M","Yes",0,"Common"
"4508","Yes",14,"M","Yes",2,"High Attendition"
"4511","No",33,"M","Yes",4,"Common"
"4512","No",23,"M","Yes",5,"Common"
"4513","Yes",17,"M","Yes",0,"Common"
"4514","Yes",17,"M","Yes",1,"Common"
"4515","Yes",34,"F","Yes",0,"Common"
"4516","Yes",28,"M","No",3,"Common"
"4518","Yes",45,"M","Yes",1,"Common"
"4519","No",27,"M","Yes",0,"Common"
"4521","Yes",43,"M","Yes",0,"Common"
"4527","No",22,"M","No",6,"Common"
"4529","Yes",33,"M","Yes",3,"Common"
"4530","Yes",26,"M","Yes",0,"Common"
"4531","Yes",18,"M","Yes",0,"Common"
"4535","Yes",20,"M","Yes",0,"Common"
"4537","Yes",16,"M","Yes",0,"Common"
"4538","Yes",24,"M","Yes",0,"Common"
"4541","Yes",17,"M","Yes",0,"Common"
"4543","Yes",28,"M","Yes",1,"Common"
"4546","Yes",15,"M","Yes",1,"Common"
"4548","No",15,"M","Yes",1,"Common"
"4550","Yes",19,"M","Yes",2,"Common"
"4551","Yes",17,"M","Yes",1,"Common"
"4552","Yes",23,"M","Yes",0,"Common"
"4554","Yes",18,"F","Yes",0,"Common"
"4555","Yes",17,"M","Yes",2,"High Attendition"
"4558","Yes",34,"M","Yes",2,"Common"
"4560","Yes",20,"M","Yes",1,"Common"
"4561","Yes",20,"M","Yes",3,"Considerable Attention"
"4562","Yes",22,"M","Yes",2,"Common"
"4565","No",22,"M","Yes",2,"Common"
"4566","Yes",20,"M","Yes",3,"Considerable Attention"
"4569","Yes",15,"M","Yes",1,"Common"
"4570","Yes",19,"M","No",1,"Common"
"4572","Yes",27,"M","No",3,"Common"
"4575","Yes",23,"M","Yes",4,"Common"
"4576","Yes",17,"M","Yes",0,"Common"
"4579","Yes",25,"M","Yes",1,"Common"
"4581","Yes",27,"M","Yes",0,"Common"
"4583","Yes",24,"M","Yes",0,"Common"
"4584","Yes",19,"M","Yes",0,"Common"
"4586","Yes",23,"M","No",0,"Common"
"4587","Yes",19,"M","Yes",0,"Common"
"4588","Yes",36,"M","Yes",0,"Common"
"4593","No",21,"M","Yes",4,"Considerable Attention"
"4595","No",24,"M","Yes",4,"Common"
"4596","Yes",49,"M","No",3,"Common"
"4601","Yes",18,"M","Yes",2,"Common"
"4603","Yes",17,"M","Yes",3,"High Attendition"
"4604","Yes",17,"M","Yes",1,"Common"
"4610","Yes",28,"M","Yes",4,"Common"
"4611","Yes",19,"M","Yes",0,"Common"
"4612","Yes",16,"F","Yes",0,"Common"
"4613","Yes",18,"M","Yes",1,"Common"
"4614","Yes",22,"F","No",3,"Common"
"4615","Yes",21,"M","Yes",0,"Common"
"4616","Yes",35,"M","Yes",0,"Common"
"4617","Yes",18,"M","Yes",0,"Common"
"4619","Yes",21,"M","No",1,"Common"
"4620","Yes",23,"M","No",3,"Common"
"4625","Yes",14,"M","Yes",0,"Common"
"4628","Yes",17,"M","Yes",3,"High Attendition"
"4629","Yes",18,"M","Yes",1,"Common"
"4630","Yes",18,"M","Yes",1,"Common"
"4631","Yes",40,"M","No",2,"Common"
"4632","Yes",58,"M","No",3,"Common"
"4633","Yes",25,"M","Yes",1,"Common"
"4634","Yes",18,"M","Yes",0,"Common"
"4637","Yes",25,"M","Yes",4,"Common"
"4639","Yes",21,"M","Yes",0,"Common"
"4643","Yes",17,"M","Yes",1,"Common"
"4649","Yes",22,"M","Yes",0,"Common"
"4650","Yes",20,"F","Yes",0,"Common"
"4654","Yes",37,"M","Yes",0,"Common"
"4655","Yes",17,"M","Yes",1,"Common"
"4656","Yes",17,"M","Yes",0,"Common"
"4661","Yes",37,"M","Yes",2,"Common"
"4662","Yes",46,"M","Yes",0,"Common"
"4665","Yes",26,"M","Yes",4,"Common"
"4668","Yes",23,"M","No",3,"Common"
"4669","Yes",17,"M","No",0,"Common"
"4670","Yes",45,"M","Yes",3,"Common"
"4672","Yes",19,"M","Yes",0,"Common"
"4676","Yes",30,"M","Yes",0,"Common"
"4679","Yes",17,"M","Yes",1,"Common"
"4680","Yes",17,"M","Yes",0,"Common"
"4682","Yes",15,"M","Yes",1,"Common"
"4683","Yes",32,"M","No",4,"Common"
"4685","No",41,"M","Yes",2,"Common"
"4691","Yes",21,"M","Yes",0,"Common"
"4696","Yes",15,"M","Yes",4,"High Attendition"
"4699","Yes",30,"M","Yes",2,"Common"
"4703","No",16,"M","No",4,"High Attendition"
"4706","Yes",18,"M","Yes",0,"Common"
"4707","Yes",18,"M","Yes",0,"Common"
"4709","Yes",17,"M","Yes",0,"Common"
"4714","Yes",22,"M","No",4,"Common"
"4718","Yes",48,"M","Yes",4,"Common"
"4719","No",15,"M","Yes",1,"Common"
"4723","No",37,"M","Yes",6,"Common"
"4726","No",41,"M","No",4,"Common"
"4727","Yes",18,"M","No",1,"Common"
"4728","Yes",18,"M","Yes",1,"Common"
"4729","No",45,"M","No",1,"Common"
"4731","No",32,"M","Yes",3,"Common"
"4733","Yes",19,"M","Yes",3,"Considerable Attention"
"4736","Yes",14,"M","Yes",1,"Common"
"4738","Yes",20,"F","Yes",1,"Common"
"4739","Yes",14,"M","Yes",1,"Common"
"4749","Yes",23,"M","Yes",0,"Common"
"4752","Yes",20,"M","Yes",0,"Common"
"4753","Yes",18,"M","Yes",1,"Common"
"4754","Yes",22,"M","Yes",2,"Common"
"4755","Yes",16,"M","Yes",2,"High Attendition"
"4756","No",17,"M","Yes",5,"High Attendition"
"4757","Yes",44,"F","No",0,"Common"
"4758","No",16,"M","No",4,"High Attendition"
"4760","No",21,"M","Yes",4,"Considerable Attention"
"4764","No",24,"M","No",1,"Common"
"4766","Yes",18,"M","No",2,"Common"
"4767","Yes",24,"M","Yes",1,"Common"
"4768","Yes",30,"M","Yes",3,"Common"
"4770","Yes",18,"M","No",0,"Common"
"4771","Yes",23,"M","Yes",4,"Common"
"4772","Yes",32,"M","Yes",0,"Common"
"4773","Yes",27,"M","No",0,"Common"
"4774","Yes",17,"F","Yes",0,"Common"
"4776","Yes",36,"M","Yes",3,"Common"
"4777","Yes",19,"M","Yes",0,"Common"
"4779","No",40,"M","Yes",0,"Common"
"4780","Yes",17,"M","Yes",5,"High Attendition"
"4781","Yes",38,"F","Yes",2,"Common"
"4782","Yes",39,"M","Yes",3,"Common"
"4785","Yes",29,"M","Yes",0,"Common"
"4786","Yes",28,"M","No",2,"Common"
"4787","Yes",19,"M","Yes",2,"Common"
"4790","Yes",18,"M","Yes",0,"Common"
"4792","No",24,"M","Yes",3,"Common"
"4793","Yes",31,"M","No",1,"Common"
"4796","No",26,"M","Yes",4,"Common"
"4804","Yes",18,"F","Yes",0,"Common"
"4806","Yes",28,"M","Yes",2,"Common"
"4807","Yes",21,"M","Yes",1,"Common"
"4812","No",14,"M","Yes",1,"Common"
"4815","Yes",44,"M","Yes",0,"Common"
"4819","Yes",18,"M","No",3,"Common"
"4821","Yes",20,"M","Yes",1,"Common"
"4823","Yes",18,"F","Yes",0,"Common"
"4824","Yes",20,"M","Yes",2,"Common"
"4825","Yes",16,"M","No",2,"High Attendition"
"4826","Yes",23,"M","Yes",2,"Common"
"4827","Yes",21,"M","Yes",2,"Common"
"4828","Yes",19,"M","Yes",3,"Considerable Attention"
"4829","Yes",19,"M","Yes",0,"Common"
"4832","Yes",29,"M","Yes",1,"Common"
"4834","Yes",25,"M","Yes",1,"Common"
"4835","Yes",17,"M","No",3,"High Attendition"
"4836","No",33,"M","Yes",3,"Common"
"4837","Yes",14,"M","Yes",2,"High Attendition"
"4838","Yes",19,"M","Yes",2,"Common"
"4839","No",25,"M","Yes",2,"Common"
"4840","Yes",31,"M","Yes",2,"Common"
"4841","Yes",21,"M","Yes",0,"Common"
"4842","Yes",21,"M","No",1,"Common"
"4845","Yes",33,"M","Yes",3,"Common"
"4846","Yes",23,"M","Yes",0,"Common"
"4847","Yes",21,"F","Yes",0,"Common"
"4848","Yes",21,"M","Yes",3,"Considerable Attention"
"4851","Yes",15,"M","Yes",1,"Common"
"4855","Yes",18,"M","Yes",3,"Common"
"4858","Yes",20,"M","Yes",1,"Common"
"4861","No",23,"M","No",3,"Common"
"4862","Yes",15,"M","Yes",0,"Common"
"4863","No",23,"M","No",4,"Common"
"4864","Yes",18,"M","No",0,"Common"
"4865","No",20,"M","Yes",4,"Considerable Attention"
"4866","Yes",19,"M","Yes",0,"Common"
"4871","No",21,"M","Yes",2,"Common"
"4872","Yes",19,"M","Yes",0,"Common"
"4873","No",26,"M","No",3,"Common"
"4876","No",23,"M","No",4,"Common"
"4881","Yes",20,"M","No",0,"Common"
"4882","Yes",19,"M","Yes",1,"Common"
"4885","Yes",44,"M","Yes",0,"Common"
"4887","Yes",21,"M","Yes",2,"Common"
"4890","Yes",37,"M","Yes",4,"Common"
"4894","No",35,"M","Yes",3,"Common"
"4895","Yes",20,"M","Yes",0,"Common"
"4899","Yes",31,"M","Yes",0,"Common"
"4900","Yes",19,"M","Yes",4,"Considerable Attention"
"4902","No",16,"M","Yes",1,"Common"
"4903","Yes",19,"M","Yes",3,"Considerable Attention"
"4904","Yes",18,"M","Yes",1,"Common"
"4907","Yes",17,"F","Yes",4,"High Attendition"
"4914","No",24,"M","Yes",3,"Common"
"4915","Yes",15,"M","Yes",1,"Common"
"4917","No",21,"M","No",5,"Considerable Attention"
"4919","Yes",19,"M","Yes",4,"Considerable Attention"
"4922","Yes",24,"M","Yes",0,"Common"
"4923","Yes",41,"M","Yes",0,"Common"
"4926","Yes",29,"M","No",0,"Common"
"4927","Yes",17,"M","Yes",2,"High Attendition"
"4929","Yes",36,"M","Yes",0,"Common"
"4930","Yes",17,"M","Yes",0,"Common"
"4934","Yes",30,"M","Yes",0,"Common"
"4936","Yes",23,"M","No",3,"Common"
"4937","Yes",33,"M","Yes",0,"Common"
"4938","Yes",27,"M","Yes",2,"Common"
"4939","Yes",21,"M","Yes",1,"Common"
"4941","Yes",37,"M","Yes",3,"Common"
"4942","Yes",15,"M","Yes",3,"High Attendition"
"4944","Yes",18,"M","Yes",0,"Common"
"4946","Yes",18,"M","Yes",2,"Common"
"4951","Yes",32,"F","No",0,"Common"
"4952","Yes",15,"M","Yes",0,"Common"
"4954","Yes",55,"M","Yes",2,"Common"
"4955","No",41,"F","No",4,"Common"
"4957","Yes",28,"M","Yes",0,"Common"
"4958","Yes",18,"M","Yes",3,"Common"
"4960","Yes",27,"M","Yes",2,"Common"
"4967","Yes",20,"M","Yes",0,"Common"
"4972","Yes",21,"M","Yes",0,"Common"
"4973","Yes",20,"M","Yes",0,"Common"
"4975","Yes",19,"M","No",2,"Common"
"4977","No",15,"M","Yes",1,"Common"
"4978","No",44,"M","Yes",3,"Common"
"4979","Yes",18,"M","Yes",0,"Common"
"4981","Yes",20,"M","No",4,"Considerable Attention"
"4982","No",22,"M","No",0,"Common"
"4983","Yes",28,"M","No",0,"Common"
"4985","Yes",19,"M","Yes",4,"Considerable Attention"
"4987","Yes",17,"M","Yes",2,"High Attendition"
"4988","Yes",24,"M","No",3,"Common"
"4991","Yes",34,"M","Yes",1,"Common"
"4993","Yes",39,"M","Yes",1,"Common"
"4994","Yes",18,"M","Yes",2,"Common"
"4996","Yes",20,"M","Yes",1,"Common"
"5000","No",15,"M","Yes",4,"High Attendition"
"5001","Yes",39,"M","No",3,"Common"
"5002","No",23,"M","No",4,"Common"
"5003","Yes",21,"M","Yes",4,"Considerable Attention"
"5005","Yes",27,"M","Yes",3,"Common"
"5006","No",37,"F","No",4,"Common"
"5007","Yes",27,"M","Yes",0,"Common"
"5008","Yes",23,"M","Yes",1,"Common"
"5009","Yes",21,"M","Yes",0,"Common"
"5010","Yes",20,"M","No",1,"Common"
"5011","Yes",17,"M","Yes",4,"High Attendition"
"5015","Yes",17,"M","Yes",5,"High Attendition"
"5016","Yes",17,"M","Yes",0,"Common"
"5018","No",34,"M","Yes",3,"Common"
"5019","Yes",47,"M","Yes",3,"Common"
"5021","Yes",20,"M","Yes",1,"Common"
"5022","Yes",19,"M","Yes",1,"Common"
"5024","Yes",18,"M","Yes",0,"Common"
"5026","Yes",25,"M","Yes",0,"Common"
"5027","Yes",17,"M","Yes",0,"Common"
"5030","Yes",20,"M","Yes",4,"Considerable Attention"
"5031","Yes",18,"M","Yes",3,"Common"
"5032","Yes",24,"M","Yes",2,"Common"
"5033","Yes",17,"M","No",0,"Common"
"5034","Yes",37,"M","Yes",0,"Common"
"5037","No",48,"M","Yes",1,"Common"
"5042","Yes",48,"M","No",3,"Common"
"5043","Yes",15,"F","Yes",0,"Common"
"5045","Yes",22,"M","Yes",1,"Common"
"5047","Yes",15,"M","Yes",1,"Common"
"5048","Yes",21,"M","Yes",1,"Common"
"5049","Yes",28,"M","No",4,"Common"
"5050","No",25,"M","Yes",0,"Common"
"5051","No",20,"M","No",4,"Considerable Attention"
"5056","Yes",28,"M","Yes",0,"Common"
"5059","No",15,"M","Yes",0,"Common"
"5062","Yes",20,"M","Yes",1,"Common"
"5063","Yes",50,"M","Yes",1,"Common"
"5064","Yes",29,"M","No",3,"Common"
"5065","Yes",18,"M","Yes",5,"Common"
"5066","Yes",25,"M","Yes",3,"Common"
"5067","Yes",31,"M","Yes",2,"Common"
"5069","Yes",16,"M","No",4,"High Attendition"
"5070","Yes",30,"M","Yes",3,"Common"
"5071","Yes",21,"M","Yes",0,"Common"
"5072","Yes",17,"M","Yes",0,"Common"
"5077","No",18,"M","Yes",4,"Common"
"5081","Yes",32,"M","Yes",2,"Common"
"5082","No",29,"F","Yes",0,"Common"
"5083","Yes",24,"M","No",4,"Common"
"5088","Yes",20,"M","Yes",4,"Considerable Attention"
"5089","Yes",15,"M","Yes",4,"High Attendition"
"5096","Yes",16,"M","No",1,"Common"
"5099","Yes",19,"M","No",0,"Common"
"5100","Yes",48,"M","Yes",2,"Common"
"5102","Yes",19,"M","Yes",0,"Common"
"5103","Yes",25,"M","Yes",3,"Common"
"5104","Yes",22,"M","Yes",1,"Common"
"5108","No",40,"M","Yes",1,"Common"
"5110","Yes",23,"M","Yes",0,"Common"
"5111","Yes",16,"M","Yes",0,"Common"
"5113","Yes",28,"F","No",4,"Common"
"5115","Yes",21,"M","Yes",3,"Considerable Attention"
"5116","No",18,"M","Yes",3,"Common"
"5117","Yes",17,"M","Yes",1,"Common"
"5122","Yes",32,"F","No",3,"Common"
"5123","Yes",20,"M","Yes",2,"Common"
"5127","Yes",24,"M","Yes",0,"Common"
"5130","Yes",17,"M","Yes",0,"Common"
"5134","Yes",16,"M","Yes",0,"Common"
"5135","Yes",21,"F","Yes",0,"Common"
"5136","Yes",19,"M","No",3,"Considerable Attention"
"5137","No",21,"M","Yes",0,"Common"
"5139","Yes",13,"M","Yes",1,"Common"
"5140","Yes",19,"M","No",4,"Considerable Attention"
"5141","Yes",15,"M","Yes",1,"Common"
"5144","Yes",23,"M","Yes",1,"Common"
"5145","Yes",46,"M","Yes",1,"Common"
"5146","Yes",19,"M","Yes",2,"Common"
"5153","Yes",23,"M","No",2,"Common"
"5155","Yes",22,"M","Yes",0,"Common"
"5158","Yes",17,"M","Yes",0,"Common"
"5162","Yes",21,"M","Yes",1,"Common"
"5163","Yes",26,"F","Yes",0,"Common"
"5164","Yes",15,"M","Yes",1,"Common"
"5165","Yes",22,"M","Yes",1,"Common"
"5167","Yes",32,"M","Yes",0,"Common"
"5169","Yes",16,"M","Yes",1,"Common"
"5170","No",24,"M","No",3,"Common"
"5173","Yes",25,"M","Yes",0,"Common"
"5174","Yes",20,"M","Yes",0,"Common"
"5178","Yes",18,"M","Yes",0,"Common"
"5179","Yes",24,"M","Yes",1,"Common"
"5181","Yes",23,"M","No",4,"Common"
"5182","Yes",22,"M","Yes",3,"Common"
"5186","Yes",17,"F","No",3,"High Attendition"
"5187","Yes",47,"M","Yes",0,"Common"
"5188","Yes",21,"M","Yes",0,"Common"
"5190","Yes",28,"M","Yes",0,"Common"
"5192","Yes",18,"M","Yes",0,"Common"
"5195","Yes",19,"M","Yes",3,"Considerable Attention"
"5197","Yes",38,"M","Yes",2,"Common"
"5198","Yes",16,"M","Yes",0,"Common"
"5204","Yes",20,"M","Yes",1,"Common"
"5205","Yes",17,"M","Yes",0,"Common"
"5206","No",27,"M","Yes",2,"Common"
"5208","Yes",19,"F","Yes",3,"Considerable Attention"
"5210","Yes",42,"M","No",3,"Common"
"5211","Yes",36,"M","Yes",2,"Common"
"5213","No",27,"M","Yes",3,"Common"
"5219","Yes",16,"M","No",3,"High Attendition"
"5220","Yes",24,"M","Yes",2,"Common"
"5222","Yes",17,"M","Yes",0,"Common"
"5223","Yes",21,"F","Yes",0,"Common"
